#
# A fatal error has been detected by the Java Runtime Environment:
#
#  EXCEPTION_ACCESS_VIOLATION (0xc0000005) at pc=0x00007ffd2b0d51af, pid=13992, tid=3264
#
# JRE version: OpenJDK Runtime Environment (24.0+36) (build 24+36-3646)
# Java VM: OpenJDK 64-Bit Server VM (24+36-3646, mixed mode, sharing, tiered, compressed oops, compressed class ptrs, g1 gc, windows-amd64)
# Problematic frame:
# V  [jvm.dll+0x5db2b7]
#
# No core dump will be written. Minidumps are not enabled by default on client versions of Windows
#
# If you would like to submit a bug report, please visit:
#   https://bugreport.java.com/bugreport/crash.jsp
# The crash happened outside the Java Virtual Machine in native code.
# See problematic frame for where to report the bug.
#

---------------  S U M M A R Y ------------

Command Line: -ea -javaagent:C:\Users\Meli\AppData\Local\JetBrains\IntelliJIdea2024.3\testAgent\intellij.platform.coverage.agent.jar=C:\Users\Meli\AppData\Local\Temp\coverage7args -Didea.coverage.calculate.hits=true -Didea.test.cyclic.buffer.size=1048576 -javaagent:D:\Programacion 3\IntelliJ IDEA 2024.3.5\lib\idea_rt.jar=59236 -javaagent:C:\Users\Meli\AppData\Local\JetBrains\IntelliJIdea2024.3\captureAgent\debugger-agent.jar -Dkotlinx.coroutines.debug.enable.creation.stack.trace=false -Ddebugger.agent.enable.coroutines=true -Dkotlinx.coroutines.debug.enable.flows.stack.trace=true -Dkotlinx.coroutines.debug.enable.mutable.state.flows.stack.trace=true -Dfile.encoding=UTF-8 -Dsun.stdout.encoding=UTF-8 -Dsun.stderr.encoding=UTF-8 com.intellij.rt.junit.JUnitStarter -ideVersion5 -junit5 @w@C:\Users\Meli\AppData\Local\Temp\idea_working_dirs_junit.tmp @C:\Users\Meli\AppData\Local\Temp\idea_junit.tmp -socket59235

Host: AMD Ryzen 7 3700X 8-Core Processor             , 16 cores, 15G,  Windows 10 , 64 bit Build 19041 (10.0.19041.5915)
Time: Mon Jun 30 19:36:46 2025 Hora estándar de Argentina elapsed time: 4.532379 seconds (0d 0h 0m 4s)

---------------  T H R E A D  ---------------

Current thread (0x0000014ad6258870):  JavaThread "JFR Periodic Tasks" daemon [_thread_in_native, id=3264, stack(0x0000004524500000,0x0000004524600000) (1024K)]

Stack: [0x0000004524500000,0x0000004524600000],  sp=0x00000045245fd680,  free space=1013k
Native frames: (J=compiled Java code, j=interpreted, Vv=VM code, C=native code)
C  0x00007ffd2b0d51af  (no source info available)

Java frames: (J=compiled Java code, j=interpreted, Vv=VM code)
J 1895  java.lang.ClassLoader.defineClass0(Ljava/lang/ClassLoader;Ljava/lang/Class;Ljava/lang/String;[BIILjava/security/ProtectionDomain;ZILjava/lang/Object;)Ljava/lang/Class; java.base@24 (0 bytes) @ 0x0000014a87c12c6c [0x0000014a87c12b80+0x00000000000000ec]
J 2708 c1 java.lang.System$1.defineClass(Ljava/lang/ClassLoader;Ljava/lang/Class;Ljava/lang/String;[BLjava/security/ProtectionDomain;ZILjava/lang/Object;)Ljava/lang/Class; java.base@24 (21 bytes) @ 0x0000014a80474454 [0x0000014a804743a0+0x00000000000000b4]
J 2707 c1 java.lang.invoke.MethodHandles$Lookup$ClassDefiner.defineClass(ZLjava/lang/Object;)Ljava/lang/Class; java.base@24 (213 bytes) @ 0x0000014a80474d5c [0x0000014a80474760+0x00000000000005fc]
J 6292 c1 java.lang.invoke.InnerClassLambdaMetafactory.generateInnerClass()Ljava/lang/Class; java.base@24 (245 bytes) @ 0x0000014a80b26a3c [0x0000014a80b24ca0+0x0000000000001d9c]
J 3136 c1 java.lang.invoke.InnerClassLambdaMetafactory.spinInnerClass()Ljava/lang/Class; java.base@24 (124 bytes) @ 0x0000014a80548cb4 [0x0000014a80548a60+0x0000000000000254]
J 5919 c1 java.lang.invoke.InnerClassLambdaMetafactory.buildCallSite()Ljava/lang/invoke/CallSite; java.base@24 (144 bytes) @ 0x0000014a80a62cb4 [0x0000014a80a62c20+0x0000000000000094]
J 2866 c1 java.lang.invoke.LambdaMetafactory.metafactory(Ljava/lang/invoke/MethodHandles$Lookup;Ljava/lang/String;Ljava/lang/invoke/MethodType;Ljava/lang/invoke/MethodType;Ljava/lang/invoke/MethodHandle;Ljava/lang/invoke/MethodType;)Ljava/lang/invoke/CallSite; java.base@24 (71 bytes) @ 0x0000014a804b8cfc [0x0000014a804b8880+0x000000000000047c]
J 2860 c1 java.lang.invoke.DirectMethodHandle$Holder.invokeStatic(Ljava/lang/Object;Ljava/lang/Object;Ljava/lang/Object;Ljava/lang/Object;Ljava/lang/Object;Ljava/lang/Object;Ljava/lang/Object;)Ljava/lang/Object; java.base@24 (24 bytes) @ 0x0000014a804b45ac [0x0000014a804b41c0+0x00000000000003ec]
J 5705 c1 java.lang.invoke.BootstrapMethodInvoker.invoke(Ljava/lang/Class;Ljava/lang/invoke/MethodHandle;Ljava/lang/String;Ljava/lang/Object;Ljava/lang/Object;Ljava/lang/Class;)Ljava/lang/Object; java.base@24 (978 bytes) @ 0x0000014a80a0848c [0x0000014a80a070c0+0x00000000000013cc]
J 5743 c1 java.lang.invoke.CallSite.makeSite(Ljava/lang/invoke/MethodHandle;Ljava/lang/String;Ljava/lang/invoke/MethodType;Ljava/lang/Object;Ljava/lang/Class;)Ljava/lang/invoke/CallSite; java.base@24 (95 bytes) @ 0x0000014a80a18094 [0x0000014a80a18000+0x0000000000000094]
J 2848 c1 java.lang.invoke.MethodHandleNatives.linkCallSiteImpl(Ljava/lang/Class;Ljava/lang/invoke/MethodHandle;Ljava/lang/String;Ljava/lang/invoke/MethodType;Ljava/lang/Object;[Ljava/lang/Object;)Ljava/lang/invoke/MemberName; java.base@24 (119 bytes) @ 0x0000014a804a80bc [0x0000014a804a8040+0x000000000000007c]
J 2847 c1 java.lang.invoke.MethodHandleNatives.linkCallSite(Ljava/lang/Object;Ljava/lang/Object;Ljava/lang/Object;Ljava/lang/Object;Ljava/lang/Object;[Ljava/lang/Object;)Ljava/lang/invoke/MemberName; java.base@24 (65 bytes) @ 0x0000014a804a7d4c [0x0000014a804a78e0+0x000000000000046c]
v  ~StubRoutines::call_stub 0x0000014a87450fcd
j  jdk.jfr.internal.periodic.BatchManager.activeSortedTasks(Ljava/util/List;)Ljava/util/List;+69 jdk.jfr@24
j  jdk.jfr.internal.periodic.BatchManager.groupTasksIntoBatches(Ljava/util/List;)V+38 jdk.jfr@24
j  jdk.jfr.internal.periodic.BatchManager.refresh(JLjava/util/List;)V+30 jdk.jfr@24
j  jdk.jfr.internal.periodic.PeriodicEvents.doPeriodic()J+109 jdk.jfr@24
j  jdk.jfr.internal.PlatformRecorder.periodicTask()V+47 jdk.jfr@24
j  jdk.jfr.internal.PlatformRecorder.lambda$startDiskMonitor$0()V+1 jdk.jfr@24
j  jdk.jfr.internal.PlatformRecorder$$Lambda+0x0000014a901f45c0.run()V+4 jdk.jfr@24
j  java.lang.Thread.runWith(Ljava/lang/Object;Ljava/lang/Runnable;)V+5 java.base@24
j  java.lang.Thread.run()V+19 java.base@24
v  ~StubRoutines::call_stub 0x0000014a87450fcd

siginfo: EXCEPTION_ACCESS_VIOLATION (0xc0000005), data execution prevention violation at address 0x00007ffd2b0d51af


Registers:
RAX=0x00007ffd2b0d51af, RBX=0x0000014adba9b158, RCX=0x0000014ad9126720, RDX=0x0000014ad6258c38
RSP=0x00000045245fd678, RBP=0x0000000000000000, RSI=0x0000014adbd1b340, RDI=0x0000014ad6258870
R8 =0x0000014adba9b150, R9 =0x0000014adba9b158, R10=0x00007ffd7e560000, R11=0x00007ffd7e561b94
R12=0x0000014ad6258e68, R13=0x0000014adba9b150, R14=0x0000014a901f5758, R15=0x0000014ad8db11e8
RIP=0x00007ffd2b0d51af, EFLAGS=0x0000000000010206

XMM[0]=0x0000000000000000 0x0000000000000000
XMM[1]=0x0000000000000000 0x0000000000000000
XMM[2]=0x0000000000000000 0x0000000000000000
XMM[3]=0x0000000000000000 0x0000000000000000
XMM[4]=0x0000000000000000 0x0000000000000000
XMM[5]=0x0000000000000000 0x0000000000000000
XMM[6]=0x0c98f5818685ba9f 0x4a319941fc018edf
XMM[7]=0xee830681e1ddc99f 0x59db6a41e191dddf
XMM[8]=0x000e178101b4d89f 0x34e63b4167e12cdf
XMM[9]=0x446481eb43730a1c 0xa862eaea6e52f634
XMM[10]=0xb54f3e74cd763052 0x6e57dba944493af1
XMM[11]=0x19b190e5d1083590 0x7f4881ef29899a14
XMM[12]=0x046758505033c531 0x7508ea239b5b6777
XMM[13]=0x0000000000000000 0x0000000000000000
XMM[14]=0x0000000000000000 0x0000000000000000
XMM[15]=0x0000000000000000 0x0000000000000000
  MXCSR=0x00001fa0


Register to memory mapping:

RAX=0x00007ffd2b0d51af is an unknown value
RBX=0x0000014adba9b158 points into unknown readable memory: 0x000000070f669460 | 60 94 66 0f 07 00 00 00
RCX=0x0000014ad9126720 points into unknown readable memory: 0x00007ffd2a3ea510 | 10 a5 3e 2a fd 7f 00 00
RDX=0x0000014ad6258c38 points into unknown readable memory: 0x00007ffd2a3e17b0 | b0 17 3e 2a fd 7f 00 00
RSP=0x00000045245fd678 is pointing into the stack for thread: 0x0000014ad6258870
RBP=0x0 is null
RSI=0x0000014adbd1b340 points into unknown readable memory: 0x0000014ad8e2b290 | 90 b2 e2 d8 4a 01 00 00
RDI=0x0000014ad6258870 is a thread
R8 =0x0000014adba9b150 points into unknown readable memory: 0x0000000715139ab0 | b0 9a 13 15 07 00 00 00
R9 =0x0000014adba9b158 points into unknown readable memory: 0x000000070f669460 | 60 94 66 0f 07 00 00 00
R10=0x00007ffd7e560000 VCRUNTIME140.dll
R11=0x00007ffd7e561b94 VCRUNTIME140.dll
R12=0x0000014ad6258e68 points into unknown readable memory: 0x0000014ad8e2b290 | 90 b2 e2 d8 4a 01 00 00
R13=0x0000014adba9b150 points into unknown readable memory: 0x0000000715139ab0 | b0 9a 13 15 07 00 00 00
R14=0x0000014a901f5758 is a pointer to class: 
jdk.jfr.internal.periodic.BatchManager$$Lambda/0x0000014a901f5758 {0x0000014a901f5760}
 - instance size:     2
 - klass size:        70
 - access:            final synchronized synthetic 
 - flags:             rewritten 
 - state:             linked
 - name:              'jdk/jfr/internal/periodic/BatchManager$$Lambda+0x0000014a901f5758'
 - super:             'java/lang/Object'
 - sub:               
 - arrays:            null
 - methods:           Array<T>(0x0000014ad16877f8)
 - method ordering:   Array<T>(0x0000014a8f6d52c0)
 - local interfaces:  Array<T>(0x0000014ad16877e8)
 - trans. interfaces: Array<T>(0x0000014ad16877e8)
 - secondary supers: Array<T>(0x0000014ad16877e8)
 - hash_slot:         4
 - secondary bitmap: 0x0000010000000000
 - constants:         constant pool [21] {0x0000014ad16876d8} for 'jdk/jfr/internal/periodic/BatchManager$$Lambda+0x0000014a901f5758' cache=0x0000014ad1689768
 - class loader data:  loader data: 0x0000014afc1a6f60 of 'bootstrap'
 - inner classes:     Array<T>(0x0000014a8f65e308)
 - nest members:     Array<T>(0x0000014a8f65e308)
 - permitted subclasses:     Array<T>(0x0000014a8f65e308)
 - java mirror:       a 'java/lang/Class'{0x000000070f669460} = 'jdk/jfr/internal/periodic/BatchManager$$Lambda+0x0000014a901f5758'
 - vtable length      5  (start addr: 0x0000014a901f5938)
 - itable length      5 (start addr: 0x0000014a901f5960)
 - ---- static fields (0 words):
 - ---- non-static fields (0 words):
 - non-static oop maps: 
R15=0x0000014ad8db11e8 points into unknown readable memory: 0x8000001700000001 | 01 00 00 00 17 00 00 80

Top of Stack: (sp=0x00000045245fd678)
0x00000045245fd678:   00007ffd29d8b2b7 0000014adba9b158   ...)....X...J...
0x00000045245fd688:   0000000000000000 0000014adbd1b340   ........@...J...
0x00000045245fd698:   0000014ad56693a0 0000014a8f4f76b0   ..f.J....vO.J...
0x00000045245fd6a8:   0000014ad9126720 0000014a8f4c6bf0    g..J....kL.J...
0x00000045245fd6b8:   0000000000000001 0000014a901f5758   ........XW..J...
0x00000045245fd6c8:   00007ffd29a6e4c2 0000ef83d840f023   ...)....#.@.....
0x00000045245fd6d8:   0000014ad16877f8 0000014adb4d4320   .wh.J... CM.J...
0x00000045245fd6e8:   0000014ad56693a0 0000014ad56693d8   ..f.J.....f.J...
0x00000045245fd6f8:   0000014ad5669788 00000000000003d8   ..f.J...........
0x00000045245fd708:   0000014ad6258870 0000014ad6258870   p.%.J...p.%.J...
0x00000045245fd718:   0000014adb4d43a0 0000014adb9d5a60   .CM.J...`Z..J...
0x00000045245fd728:   0000014adb9d5ac8 0000014adb9d5b48   .Z..J...H[..J...
0x00000045245fd738:   00000000000000d8 00000045245fd750   ........P._$E...
0x00000045245fd748:   00007ffd29eac413 0000014ad6258870   ...)....p.%.J...
0x00000045245fd758:   0000014adb4d43a0 0000014adb9d5a60   .CM.J...`Z..J...
0x00000045245fd768:   0000014adb9d5ac8 0000014adb9d5b48   .Z..J...H[..J...
0x00000045245fd778:   00000000000000d8 00000045245fd8e0   .........._$E...
0x00000045245fd788:   0000014a901f5758 0000000000000001   XW..J...........
0x00000045245fd798:   0000014adbd1b208 0000000000000000   ....J...........
0x00000045245fd7a8:   0000014ad6258870 00000045245fd8d0   p.%.J....._$E...
0x00000045245fd7b8:   0000014a901f5758 0000014a901f5822   XW..J..."X..J...
0x00000045245fd7c8:   00007ffd29bb1303 00007ffd2a474540   ...)....@EG*....
0x00000045245fd7d8:   0000014a901f5758 0000014ad8db11e8   XW..J.......J...
0x00000045245fd7e8:   0000014ad8db11c0 0000014ad56693d8   ....J.....f.J...
0x00000045245fd7f8:   00007ffd29a08b00 0000014aebb83440   ...)....@4..J...
0x00000045245fd808:   00007ffd2a297ef8 0000014ad1687850   .~)*....Pxh.J...
0x00000045245fd818:   0000014ad6258870 0000000000000000   p.%.J...........
0x00000045245fd828:   00007ffd29b8a033 0000014ad8db1100   3..)........J...
0x00000045245fd838:   0000000000000000 0000014a901f5758   ........XW..J...
0x00000045245fd848:   00000005000001e0 0000000000000000   ................
0x00000045245fd858:   0000000002b29c86 00000045245fd801   .........._$E...
0x00000045245fd868:   0000014ae9895730 0000014ae9895ff0   0W..J...._..J...

Instructions: (pc=0x00007ffd29d8b2b7)
  0x00007ffd29d8b1b7:   00 4d 8b c6 e8 60 76 fe ff 48 8b 4c 24 20 48 83
  0x00007ffd29d8b1c7:   7d 00 00 74 13 48 8b d1 48 8b cb e8 a9 3e af ff
  0x00007ffd29d8b1d7:   48 8b cd e8 81 3e af ff 4c 39 7b 20 74 0c 48 89
  0x00007ffd29d8b1e7:   6b 18 4c 89 7b 20 4c 89 6b 28 49 8b 04 24 33 ed
  0x00007ffd29d8b1f7:   48 85 c0 74 03 8b 68 2c 48 8b cf e8 39 3f e5 ff
  0x00007ffd29d8b207:   48 8d 8f a8 03 00 00 e8 0d d2 d6 ff 48 8b cf e8
  0x00007ffd29d8b217:   85 4b e5 ff 45 33 c0 48 8b d0 48 8b cf e8 77 80
  0x00007ffd29d8b227:   ed ff 48 8b 8c 24 58 01 00 00 4c 8b e8 48 85 c9
  0x00007ffd29d8b237:   75 04 33 db eb 24 48 8b 49 70 48 85 c9 75 04 33
  0x00007ffd29d8b247:   c0 eb 06 ff 15 d0 9d 64 00 45 33 c0 48 8b d0 48
  0x00007ffd29d8b257:   8b cf e8 42 80 ed ff 48 8b d8 48 8d 4c 24 60 e8
  0x00007ffd29d8b267:   55 4a ae ff 48 8d 8f a8 03 00 00 48 89 bc 24 88
  0x00007ffd29d8b277:   00 00 00 e8 a1 d1 d6 ff 90 48 8d 8c 24 90 00 00
  0x00007ffd29d8b287:   00 48 8b d7 c7 87 54 04 00 00 04 00 00 00 e8 96
  0x00007ffd29d8b297:   dc df ff 48 8b 4c 24 28 48 8b 41 58 48 85 c0 74
  0x00007ffd29d8b2a7:   0f 4c 8b cb 48 8d 97 c8 03 00 00 4d 8b c5 ff d0
=>0x00007ffd29d8b2b7:   48 8d 4c 24 60 e8 0f d7 ff ff 48 8b cf e8 97 2d
  0x00007ffd29d8b2c7:   e5 ff 49 8b 04 24 4c 8b b4 24 58 01 00 00 4c 8b
  0x00007ffd29d8b2d7:   bc 24 60 01 00 00 48 8b 9c 24 68 01 00 00 48 85
  0x00007ffd29d8b2e7:   c0 74 03 89 68 2c 48 8b 76 10 48 85 f6 0f 85 e6
  0x00007ffd29d8b2f7:   fd ff ff 4c 8b ac 24 18 01 00 00 41 80 3f 00 4c
  0x00007ffd29d8b307:   8b bc 24 10 01 00 00 48 8b b4 24 28 01 00 00 75
  0x00007ffd29d8b317:   05 e8 8b b3 37 00 48 8b 0b 48 8b 9c 24 50 01 00
  0x00007ffd29d8b327:   00 8b 81 54 03 00 00 ff c8 89 81 54 03 00 00 48
  0x00007ffd29d8b337:   8d 8c 24 d0 00 00 00 e8 8d da df ff 4c 8b a4 24
  0x00007ffd29d8b347:   20 01 00 00 48 8b ac 24 30 01 00 00 48 81 c4 38
  0x00007ffd29d8b357:   01 00 00 41 5e 5f c3 cc cc 40 55 48 83 ec 50 83
  0x00007ffd29d8b367:   3d 13 08 66 00 02 48 8b e9 0f 8c c0 00 00 00 65
  0x00007ffd29d8b377:   48 8b 04 25 58 00 00 00 8b 15 67 75 71 00 48 89
  0x00007ffd29d8b387:   5c 24 60 48 89 74 24 68 48 89 7c 24 70 48 8b 1c
  0x00007ffd29d8b397:   d0 b8 48 00 00 00 4c 89 74 24 48 4c 89 7c 24 40
  0x00007ffd29d8b3a7:   80 3c 18 00 75 05 e8 f6 b2 37 00 48 8b 4d 18 b8


Stack slot to memory mapping:

stack at sp + 0 slots: 0x0000014adba9b158 points into unknown readable memory: 0x000000070f669460 | 60 94 66 0f 07 00 00 00
stack at sp + 1 slots: 0x0 is null
stack at sp + 2 slots: 0x0000014adbd1b340 points into unknown readable memory: 0x0000014ad8e2b290 | 90 b2 e2 d8 4a 01 00 00
stack at sp + 3 slots: 0x0000014ad56693a0 points into unknown readable memory: 0x0000000000000000 | 00 00 00 00 00 00 00 00
stack at sp + 4 slots: 0x0000014a8f4f76b0 is pointing into metadata
stack at sp + 5 slots: 0x0000014ad9126720 points into unknown readable memory: 0x00007ffd2a3ea510 | 10 a5 3e 2a fd 7f 00 00
stack at sp + 6 slots: 0x0000014a8f4c6bf0 is pointing into metadata
stack at sp + 7 slots: 0x0000000000000001 is an unknown value

Lock stack of current Java thread (top to bottom):
LockStack[0]: [I 
{0x000000070f6694d0} - klass: {type array int} - flags: is_cloneable_fast 

 - length: 0


Compiled method (n/a) 4605 1895     n 0       java.lang.ClassLoader::defineClass0 (native)
 total in heap  [0x0000014a87c12a88,0x0000014a87c12eb8] = 1072
 relocation     [0x0000014a87c12b60,0x0000014a87c12b78] = 24
 main code      [0x0000014a87c12b80,0x0000014a87c12eb6] = 822
 stub code      [0x0000014a87c12eb6,0x0000014a87c12eb8] = 2

[Constant Pool (empty)]

[MachCode]
[Entry Point]
  # {method} {0x0000014a8f472f78} 'defineClass0' '(Ljava/lang/ClassLoader;Ljava/lang/Class;Ljava/lang/String;[BIILjava/security/ProtectionDomain;ZILjava/lang/Object;)Ljava/lang/Class;' in 'java/lang/ClassLoader'
  # parm0:    rdx:rdx   = 'java/lang/ClassLoader'
  # parm1:    r8:r8     = 'java/lang/Class'
  # parm2:    r9:r9     = 'java/lang/String'
  # parm3:    rdi:rdi   = '[B'
  # parm4:    rsi       = int
  # parm5:    rcx       = int
  # parm6:    [sp+0xb0]   = 'java/security/ProtectionDomain'  (sp of caller)
  # parm7:    [sp+0xb8]   = boolean
  # parm8:    [sp+0xc0]   = int
  # parm9:    [sp+0xc8]   = 'java/lang/Object'
  0x0000014a87c12b80: 6690 448b | 5208 443b 

  0x0000014a87c12b88: ;   {runtime_call Shared Runtime ic_miss_blob}
  0x0000014a87c12b88: 5008 0f85 | d0bb 88ff 
[Verified Entry Point]
  0x0000014a87c12b90: 8984 2400 | 80ff ff55 | 488b ec48 | 81ec a000 | 0000 6690 | 4181 7f20 | 0300 0000 

  0x0000014a87c12bac: ;   {runtime_call StubRoutines (final stubs)}
  0x0000014a87c12bac: 7405 e84d | 2d87 ff48 | 837d 2800 | 488d 4528 | 480f 4445 | 2848 8944 | 2458 4863 | 4520 4889 
  0x0000014a87c12bcc: 4424 5048 | 6345 1848 | 8944 2448 | 4883 7d10 | 0048 8d45 | 1048 0f44 | 4510 4889 | 4424 4048 
  0x0000014a87c12bec: 894c 2438 | 4889 7424 | 3048 897c | 2478 4883 | ff00 488d | 4424 7848 | 0f44 4424 | 7848 8944 
  0x0000014a87c12c0c: 2428 4c89 | 4c24 7049 | 83f9 0048 | 8d44 2470 | 480f 4444 | 2470 4889 | 4424 204c | 8944 2468 
  0x0000014a87c12c2c: 4983 f800 | 4c8d 4c24 | 684c 0f44 | 4c24 6848 | 8954 2460 | 4883 fa00 | 4c8d 4424 | 604c 0f44 
  0x0000014a87c12c4c: ;   {oop(a 'java/lang/Class'{0x000000070a83fad0} = 'java/lang/ClassLoader')}
  0x0000014a87c12c4c: 4424 6049 | bed0 fa83 | 0a07 0000 | 004c 89b4 | 2490 0000 | 004c 8db4 | 2490 0000 | 0049 8bd6 
  0x0000014a87c12c6c: ;   {internal_word}
  0x0000014a87c12c6c: c5f8 7749 | ba6c 2cc1 | 874a 0100 | 004d 8997 | b003 0000 | 4989 a7a8 | 0300 0049 | 8d8f c803 
  0x0000014a87c12c8c: 0000 41c7 | 8754 0400 | 0004 0000 

  0x0000014a87c12c98: ;   {runtime_call}
  0x0000014a87c12c98: 0048 b8e8 | 14dc 7dfd | 7f00 00ff | d0c5 f877 | 41c7 8754 | 0400 0005 | 0000 00f0 | 8344 24c0 
  0x0000014a87c12cb8: 0049 3b6f | 280f 870e | 0000 0041 | 83bf 5004 | 0000 000f | 842b 0000 | 00c5 f877 | 4889 45f8 
  0x0000014a87c12cd8: 498b cf4c | 8be4 4883 | ec20 4883 

  0x0000014a87c12ce4: ;   {runtime_call}
  0x0000014a87c12ce4: e4f0 48b8 | c0ba bd29 | fd7f 0000 | ffd0 498b | e44d 33e4 | 488b 45f8 | 41c7 8754 | 0400 0008 
  0x0000014a87c12d04: 0000 0041 | 83bf d004 | 0000 020f | 8474 0100 | 0049 c787 | a803 0000 | 0000 0000 | 49c7 87b0 
  0x0000014a87c12d24: 0300 0000 | 0000 00c5 | f877 4885 | c00f 842f | 0100 00a8 | 030f 8508 | 0000 0048 | 8b00 e91f 
  0x0000014a87c12d44: 0100 00a8 | 010f 8509 | 0000 0048 | 8b40 fee9 | 0e01 0000 | 488b 40ff | 4180 7f48 | 000f 84ff 
  0x0000014a87c12d64: 0000 0048 | 83f8 000f | 84f5 0000 | 0049 8b4f | 3848 85c9 | 0f84 1400 | 0000 4883 | e908 4989 
  0x0000014a87c12d84: 4f38 4903 | 4f40 4889 | 01e9 d400 | 0000 4883 | ec70 4889 | 0424 4889 | 4c24 0848 | 8954 2410 
  0x0000014a87c12da4: 4c89 4424 | 184c 894c | 2420 4c89 | 5424 284c | 895c 2430 | c5fb 1144 | 2440 c5fb | 114c 2448 
  0x0000014a87c12dc4: c5fb 1154 | 2450 c5fb | 115c 2458 | c5fb 1164 | 2460 c5fb | 116c 2468 | 498b d748 | 8bc8 4883 
  0x0000014a87c12de4: ;   {no_reloc}
  0x0000014a87c12de4: ec20 40f6 | c40f 0f84 | 1900 0000 | 4883 ec08 

  0x0000014a87c12df4: ;   {runtime_call}
  0x0000014a87c12df4: 48b8 304a | b029 fd7f | 0000 ffd0 | 4883 c408 | e90c 0000 

  0x0000014a87c12e08: ;   {runtime_call}
  0x0000014a87c12e08: 0048 b830 | 4ab0 29fd | 7f00 00ff | d048 83c4 | 20c5 fb10 | 6c24 68c5 | fb10 6424 | 60c5 fb10 
  0x0000014a87c12e28: 5c24 58c5 | fb10 5424 | 50c5 fb10 | 4c24 48c5 | fb10 4424 | 404c 8b5c | 2430 4c8b | 5424 284c 
  0x0000014a87c12e48: 8b4c 2420 | 4c8b 4424 | 1848 8b54 | 2410 488b | 4c24 0848 | 8b04 2448 | 83c4 70c5 | f877 498b 
  0x0000014a87c12e68: 8f38 0400 | 00c7 8100 | 0100 0000 | 0000 00c9 | 4983 7f08 | 000f 8501 | 0000 00c3 

  0x0000014a87c12e84: ;   {runtime_call StubRoutines (initial stubs)}
  0x0000014a87c12e84: e937 e083 | ffc5 f877 | 4889 45f8 | 4c8b e448 | 83ec 2048 

  0x0000014a87c12e98: ;   {runtime_call}
  0x0000014a87c12e98: 83e4 f048 | b860 58f5 | 29fd 7f00 | 00ff d049 | 8be4 4d33 | e448 8b45 | f8e9 5ffe | ffff f4f4 
[/MachCode]


Compiled method (c1) 4612 2708       3       java.lang.System$1::defineClass (21 bytes)
 total in heap  [0x0000014a80474288,0x0000014a80474518] = 656
 relocation     [0x0000014a80474360,0x0000014a80474398] = 56
 main code      [0x0000014a804743a0,0x0000014a804744d0] = 304
 stub code      [0x0000014a804744d0,0x0000014a80474510] = 64
 metadata       [0x0000014a80474510,0x0000014a80474518] = 8
 immutable data [0x0000014ad63e77b0,0x0000014ad63e7860] = 176
 dependencies   [0x0000014ad63e77b0,0x0000014ad63e77b8] = 8
 nul chk table  [0x0000014ad63e77b8,0x0000014ad63e77c8] = 16
 scopes pcs     [0x0000014ad63e77c8,0x0000014ad63e7818] = 80
 scopes data    [0x0000014ad63e7818,0x0000014ad63e7860] = 72

[Constant Pool (empty)]

[MachCode]
[Instructions begin]
  0x0000014a804743a0: 660f 1f84 | 0000 0000 | 0066 0f1f | 8400 0000 | 0000 448b | 5208 443b 

  0x0000014a804743b8: ;   {runtime_call Shared Runtime ic_miss_blob}
  0x0000014a804743b8: 5008 0f85 | a0a3 0207 
[Verified Entry Point]
  0x0000014a804743c0: 8984 2400 | 80ff ff55 | 4883 ec60 | 4181 7f20 | 0300 0000 

  0x0000014a804743d4: ;   {runtime_call StubRoutines (final stubs)}
  0x0000014a804743d4: 7405 e825 | 1501 0748 

  0x0000014a804743dc: ;   {metadata(method data for {method} {0x0000014a8f175020} 'defineClass' '(Ljava/lang/ClassLoader;Ljava/lang/Class;Ljava/lang/String;[BLjava/security/ProtectionDomain;ZILjava/lang/Object;)Ljava/lang/Class;' in 'java/lang/System$1')}
  0x0000014a804743dc: 8bd9 48b9 | 5067 5fd0 | 4a01 0000 | 8b81 cc00 | 0000 83c0 | 0289 81cc | 0000 0025 | fe07 0000 
  0x0000014a804743fc: 85c0 0f84 | 6800 0000 | 4c8b ac24 | 8000 0000 | 448b 5c24 | 788b 4424 | 708b 4e0c 

  0x0000014a80474418: ;   {metadata(method data for {method} {0x0000014a8f175020} 'defineClass' '(Ljava/lang/ClassLoader;Ljava/lang/Class;Ljava/lang/String;[BLjava/security/ProtectionDomain;ZILjava/lang/Object;)Ljava/lang/Class;' in 'java/lang/System$1')}
  0x0000014a80474418: 48ba 5067 | 5fd0 4a01 | 0000 4883 | 8210 0100 | 0001 498b | d04d 8bc1 | 4c8b cf48 | 8bfe be00 
  0x0000014a80474438: 0000 0048 | 891c 2489 | 4424 0844 | 895c 2410 | 4c89 6c24 

  0x0000014a8047444c: ;   {static_call}
  0x0000014a8047444c: 1866 90e8 

  0x0000014a80474450: ; ImmutableOopMap {}
                      ;*invokestatic defineClass0 {reexecute=0 rethrow=0 return_oop=0}
                      ; - java.lang.System$1::defineClass@17 (line 2025)
  0x0000014a80474450: 3ce7 7907 

  0x0000014a80474454: ;   {post_call_nop}
  0x0000014a80474454: 0f1f 8400 | cc01 0000 | 4883 c460 

  0x0000014a80474460: ;   {poll_return}
  0x0000014a80474460: 5d49 3b67 | 280f 8727 | 0000 00c3 

  0x0000014a8047446c: ;   {metadata({method} {0x0000014a8f175020} 'defineClass' '(Ljava/lang/ClassLoader;Ljava/lang/Class;Ljava/lang/String;[BLjava/security/ProtectionDomain;ZILjava/lang/Object;)Ljava/lang/Class;' in 'java/lang/System$1')}
  0x0000014a8047446c: 49ba 1850 | 178f 4a01 | 0000 4c89 | 5424 0848 | c704 24ff 

  0x0000014a80474480: ;   {runtime_call C1 Runtime counter_overflow_blob}
  0x0000014a80474480: ffff ffe8 

  0x0000014a80474484: ; ImmutableOopMap {rdx=Oop r8=Oop r9=Oop rdi=Oop rsi=Oop rbx=Oop [128]=Oop }
                      ;*synchronization entry
                      ; - java.lang.System$1::defineClass@-1 (line 2025)
  0x0000014a80474484: d8e6 0e07 | e977 ffff 

  0x0000014a8047448c: ;   {runtime_call C1 Runtime throw_null_pointer_exception_blob}
  0x0000014a8047448c: ffe8 ce89 

  0x0000014a80474490: ; ImmutableOopMap {r8=Oop r9=Oop rdi=Oop rsi=Oop rbx=Oop r13=Oop [128]=Oop }
                      ;*arraylength {reexecute=0 rethrow=0 return_oop=0}
                      ; - java.lang.System$1::defineClass@8 (line 2025)
                      ;   {internal_word}
  0x0000014a80474490: 0e07 49ba | 6144 4780 | 4a01 0000 | 4d89 9760 

  0x0000014a804744a0: ;   {runtime_call SafepointBlob}
  0x0000014a804744a0: 0400 00e9 | 3818 0307 | 498b 8708 | 0500 0049 | c787 0805 | 0000 0000 | 0000 49c7 | 8710 0500 
  0x0000014a804744c0: 0000 0000 | 0048 83c4 

  0x0000014a804744c8: ;   {runtime_call C1 Runtime unwind_exception_blob}
  0x0000014a804744c8: 605d e911 | 770e 07f4 
[Stub Code]
  0x0000014a804744d0: ;   {no_reloc}
  0x0000014a804744d0: 48bb 0000 | 0000 0000 

  0x0000014a804744d8: ;   {runtime_call nmethod}
  0x0000014a804744d8: 0000 e9fb 

  0x0000014a804744dc: ;   {runtime_call C1 Runtime handle_exception_from_callee_blob}
  0x0000014a804744dc: ffff ffe8 | 7ca7 0e07 

  0x0000014a804744e4: ;   {external_word}
  0x0000014a804744e4: 48b9 f8eb | 1b2a fd7f | 0000 4883 

  0x0000014a804744f0: ;   {runtime_call}
  0x0000014a804744f0: e4f0 48b8 | b0a9 e229 | fd7f 0000 

  0x0000014a804744fc: ;   {section_word}
  0x0000014a804744fc: ffd0 f449 | baff 4447 | 804a 0100 

  0x0000014a80474508: ;   {runtime_call DeoptimizationBlob}
  0x0000014a80474508: 0041 52e9 | 700d 0307 
[/MachCode]


Compiled method (c1) 4616 2707   !   3       java.lang.invoke.MethodHandles$Lookup$ClassDefiner::defineClass (213 bytes)
 total in heap  [0x0000014a80474588,0x0000014a80475658] = 4304
 relocation     [0x0000014a80474660,0x0000014a80474758] = 248
 main code      [0x0000014a80474760,0x0000014a80475570] = 3600
 stub code      [0x0000014a80475570,0x0000014a804755e8] = 120
 metadata       [0x0000014a804755e8,0x0000014a80475658] = 112
 immutable data [0x0000014ad47bdf90,0x0000014ad47be398] = 1032
 dependencies   [0x0000014ad47bdf90,0x0000014ad47bdfb8] = 40
 nul chk table  [0x0000014ad47bdfb8,0x0000014ad47be000] = 72
 handler table  [0x0000014ad47be000,0x0000014ad47be048] = 72
 scopes pcs     [0x0000014ad47be048,0x0000014ad47be1d8] = 400
 scopes data    [0x0000014ad47be1d8,0x0000014ad47be398] = 448

[Constant Pool (empty)]

[MachCode]
[Instructions begin]
  0x0000014a80474760: 660f 1f84 | 0000 0000 | 0066 0f1f | 8400 0000 | 0000 448b | 5208 443b 

  0x0000014a80474778: ;   {runtime_call Shared Runtime ic_miss_blob}
  0x0000014a80474778: 5008 0f85 | e09f 0207 
[Verified Entry Point]
  0x0000014a80474780: 8984 2400 | 80ff ff55 | 4881 ece0 | 0000 0090 | 4181 7f20 | 0300 0000 

  0x0000014a80474798: ;   {runtime_call StubRoutines (final stubs)}
  0x0000014a80474798: 7405 e861 | 1101 0748 | 8994 2498 | 0000 0044 | 8984 24b0 | 0000 004c | 898c 24b8 

  0x0000014a804747b4: ;   {metadata(method data for {method} {0x0000014a8f2de428} 'defineClass' '(ZLjava/lang/Object;)Ljava/lang/Class;' in 'java/lang/invoke/MethodHandles$Lookup$ClassDefiner')}
  0x0000014a804747b4: 0000 0048 | be08 605f | d04a 0100 | 008b becc | 0000 0083 | c702 89be | cc00 0000 | 81e7 fe07 
  0x0000014a804747d4: 0000 85ff | 0f84 730b | 0000 8b72 | 1048 c1e6 | 0348 89b4 | 2490 0000 | 0048 3b06 

  0x0000014a804747f0: ;   {metadata(method data for {method} {0x0000014a8f2de428} 'defineClass' '(ZLjava/lang/Object;)Ljava/lang/Class;' in 'java/lang/invoke/MethodHandles$Lookup$ClassDefiner')}
  0x0000014a804747f0: 488b fe48 | bb08 605f | d04a 0100 | 008b 7f08 | 49ba 0000 | 008f 4a01 | 0000 4903 | fa48 3bbb 
  0x0000014a80474810: 1801 0000 | 750d 4883 | 8320 0100 | 0001 e960 | 0000 0048 | 3bbb 2801 | 0000 750d | 4883 8330 
  0x0000014a80474830: 0100 0001 | e94a 0000 | 0048 83bb | 1801 0000 | 0075 1748 | 89bb 1801 | 0000 48c7 | 8320 0100 
  0x0000014a80474850: 0001 0000 | 00e9 2900 | 0000 4883 | bb28 0100 | 0000 7517 | 4889 bb28 | 0100 0048 | c783 3001 
  0x0000014a80474870: 0000 0100 | 0000 e908 | 0000 0048 | 8383 1001 | 0000 018b | 7e10 48c1 | e703 4889 | bc24 a800 
  0x0000014a80474890: 0000 483b | 0748 8bdf 

  0x0000014a80474898: ;   {metadata(method data for {method} {0x0000014a8f2de428} 'defineClass' '(ZLjava/lang/Object;)Ljava/lang/Class;' in 'java/lang/invoke/MethodHandles$Lookup$ClassDefiner')}
  0x0000014a80474898: 48b8 0860 | 5fd0 4a01 | 0000 8b5b | 0849 ba00 | 0000 8f4a | 0100 0049 | 03da 483b | 9848 0100 
  0x0000014a804748b8: 0075 0d48 | 8380 5001 | 0000 01e9 | 6000 0000 | 483b 9858 | 0100 0075 | 0d48 8380 | 6001 0000 
  0x0000014a804748d8: 01e9 4a00 | 0000 4883 | b848 0100 | 0000 7517 | 4889 9848 | 0100 0048 | c780 5001 | 0000 0100 
  0x0000014a804748f8: 0000 e929 | 0000 0048 | 83b8 5801 | 0000 0075 | 1748 8998 | 5801 0000 | 48c7 8060 | 0100 0001 
  0x0000014a80474918: 0000 00e9 | 0800 0000 | 4883 8040 | 0100 0001 | 8b5f 3448 | c1e3 0348 

  0x0000014a80474930: ;   {metadata(method data for {method} {0x0000014a8f2de428} 'defineClass' '(ZLjava/lang/Object;)Ljava/lang/Class;' in 'java/lang/invoke/MethodHandles$Lookup$ClassDefiner')}
  0x0000014a80474930: 85db 48b8 | 0860 5fd0 | 4a01 0000 | b970 0100 | 0074 05b9 | 8001 0000 | 4c8b 1c08 | 4d8d 5b01 
  0x0000014a80474950: 4c89 1c08 | 0f84 dd02 | 0000 488b 

  0x0000014a8047495c: ;   {metadata(method data for {method} {0x0000014a8f2de428} 'defineClass' '(ZLjava/lang/Object;)Ljava/lang/Class;' in 'java/lang/invoke/MethodHandles$Lookup$ClassDefiner')}
  0x0000014a8047495c: c648 b908 | 605f d04a | 0100 0048 | 8381 9001 

  0x0000014a8047496c: ;   {metadata(method data for {method} {0x0000014a8f44da50} 'lookupClassProtectionDomain' '()Ljava/security/ProtectionDomain;' in 'java/lang/invoke/MethodHandles$Lookup')}
  0x0000014a8047496c: 0000 0148 | b8f8 6a5f | d04a 0100 | 008b 88cc | 0000 0083 | c102 8988 | cc00 0000 | 81e1 feff 
  0x0000014a8047498c: 1f00 85c9 | 0f84 e609 | 0000 8b46 | 1848 c1e0 | 0348 85c0 

  0x0000014a804749a0: ;   {metadata(method data for {method} {0x0000014a8f44da50} 'lookupClassProtectionDomain' '()Ljava/security/ProtectionDomain;' in 'java/lang/invoke/MethodHandles$Lookup')}
  0x0000014a804749a0: 48b9 f86a | 5fd0 4a01 | 0000 41bb | 1001 0000 | 7506 41bb | 2001 0000 | 4e8b 2c19 | 4d8d 6d01 
  0x0000014a804749c0: 4e89 2c19 | 4889 9c24 | a000 0000 | 0f85 4f02 

  0x0000014a804749d0: ;   {metadata(method data for {method} {0x0000014a8f44da50} 'lookupClassProtectionDomain' '()Ljava/security/ProtectionDomain;' in 'java/lang/invoke/MethodHandles$Lookup')}
  0x0000014a804749d0: 0000 48b8 | f86a 5fd0 | 4a01 0000 | 4883 8030 | 0100 0001 

  0x0000014a804749e4: ;   {metadata(method data for {method} {0x0000014a8f483c30} 'getJavaLangAccess' '()Ljdk/internal/access/JavaLangAccess;' in 'jdk/internal/access/SharedSecrets')}
  0x0000014a804749e4: 48b8 4050 | 50d0 4a01 | 0000 8b88 | cc00 0000 | 83c1 0289 | 88cc 0000 | 0081 e1fe | ff1f 0085 
  0x0000014a80474a04: c90f 8492 

  0x0000014a80474a08: ;   {oop(a 'java/lang/Class'{0x000000070a83fc90} = 'jdk/internal/access/SharedSecrets')}
  0x0000014a80474a08: 0900 0048 | b890 fc83 | 0a07 0000 | 008b 407c | 48c1 e003 | 8b4e 1048 | c1e1 0348 | 85c0 0f84 
  0x0000014a80474a28: 2a00 0000 

  0x0000014a80474a2c: ;   {metadata('java/lang/System$1')}
  0x0000014a80474a2c: 48be 783d | 178f 4a01 | 0000 448b | 7008 49ba | 0000 008f | 4a01 0000 | 4d03 f249 | 3b76 380f 
  0x0000014a80474a4c: 856d 0900 | 00e9 0000 | 0000 4c8b | d848 3b00 

  0x0000014a80474a5c: ;   {metadata(method data for {method} {0x0000014a8f44da50} 'lookupClassProtectionDomain' '()Ljava/security/ProtectionDomain;' in 'java/lang/invoke/MethodHandles$Lookup')}
  0x0000014a80474a5c: 48be f86a | 5fd0 4a01 

  0x0000014a80474a64: ;   {metadata('java/lang/System$1')}
  0x0000014a80474a64: 0000 49ba | 783d 178f | 4a01 0000 | 4c89 9648 | 0100 0048 | 8386 5001 

  0x0000014a80474a7c: ;   {metadata(method data for {method} {0x0000014a8f174d08} 'protectionDomain' '(Ljava/lang/Class;)Ljava/security/ProtectionDomain;' in 'java/lang/System$1')}
  0x0000014a80474a7c: 0000 0148 | be88 725f | d04a 0100 | 008b 86cc | 0000 0083 | c002 8986 | cc00 0000 | 25fe ff1f 
  0x0000014a80474a9c: 0085 c00f | 8423 0900 | 0048 3b01 

  0x0000014a80474aa8: ;   {metadata(method data for {method} {0x0000014a8f174d08} 'protectionDomain' '(Ljava/lang/Class;)Ljava/security/ProtectionDomain;' in 'java/lang/System$1')}
  0x0000014a80474aa8: 488b f148 | b888 725f | d04a 0100 | 008b 7608 | 49ba 0000 | 008f 4a01 | 0000 4903 | f248 3bb0 
  0x0000014a80474ac8: 1801 0000 | 750d 4883 | 8020 0100 | 0001 e960 | 0000 0048 | 3bb0 2801 | 0000 750d | 4883 8030 
  0x0000014a80474ae8: 0100 0001 | e94a 0000 | 0048 83b8 | 1801 0000 | 0075 1748 | 89b0 1801 | 0000 48c7 | 8020 0100 
  0x0000014a80474b08: 0001 0000 | 00e9 2900 | 0000 4883 | b828 0100 | 0000 7517 | 4889 b028 | 0100 0048 | c780 3001 
  0x0000014a80474b28: 0000 0100 | 0000 e908 | 0000 0048 | 8380 1001 

  0x0000014a80474b38: ;   {metadata(method data for {method} {0x0000014a8f17bd00} 'protectionDomain' '()Ljava/security/ProtectionDomain;' in 'java/lang/Class')}
  0x0000014a80474b38: 0000 0148 | be10 745f | d04a 0100 | 008b 86cc | 0000 0083 | c002 8986 | cc00 0000 | 25fe ff1f 
  0x0000014a80474b58: 0085 c00f | 848d 0800 | 0048 8bf1 

  0x0000014a80474b64: ;   {metadata(method data for {method} {0x0000014a8f17bd00} 'protectionDomain' '()Ljava/security/ProtectionDomain;' in 'java/lang/Class')}
  0x0000014a80474b64: 48b8 1074 | 5fd0 4a01 | 0000 4883 | 8010 0100 | 0001 488b | d166 0f1f 

  0x0000014a80474b7c: ;   {optimized virtual_call}
  0x0000014a80474b7c: 4400 00e8 

  0x0000014a80474b80: ; ImmutableOopMap {[144]=Oop [152]=Oop [160]=Oop [168]=Oop [184]=Oop }
                      ;*invokevirtual getProtectionDomain0 {reexecute=0 rethrow=0 return_oop=0}
                      ; - java.lang.Class::protectionDomain@1 (line 2728)
                      ; - java.lang.System$1::protectionDomain@1 (line 2151)
                      ; - java.lang.invoke.MethodHandles$Lookup::lookupClassProtectionDomain@17 (line 2394)
                      ; - java.lang.invoke.MethodHandles$Lookup$ClassDefiner::defineClass@23 (line 2351)
  0x0000014a80474b80: 0c1d 8007 

  0x0000014a80474b84: ;   {post_call_nop}
  0x0000014a80474b84: 0f1f 8400 | fc05 0000 

  0x0000014a80474b8c: ;   {metadata(method data for {method} {0x0000014a8f17bd00} 'protectionDomain' '()Ljava/security/ProtectionDomain;' in 'java/lang/Class')}
  0x0000014a80474b8c: 4885 c049 | b810 745f | d04a 0100 | 0041 b940 | 0100 0075 | 0641 b950 | 0100 004b | 8b3c 0848 
  0x0000014a80474bac: 8d7f 014b | 893c 080f | 8527 0000 | 000f 1f80 | 0000 0000 

  0x0000014a80474bc0: ;   {no_reloc}
  0x0000014a80474bc0: e9c2 0800 | 0000 0000 | 0000 660f | 1f44 0000 

  0x0000014a80474bd0: ; implicit exception: dispatches to 0x0000014a80475491
  0x0000014a80474bd0: e9cd 0800 | 0090 9049 | c1e0 03e9 | 0300 0000 | 4c8b c048 | 8bb4 2490 | 0000 0045 | 0fbe 4f48 
  0x0000014a80474bf0: 4585 c90f | 85b3 0800 | 004d 8bd0 | 49c1 ea03 | 4489 5618 | f083 4424 | c000 4c8b | ce4d 33c8 
  0x0000014a80474c10: 49c1 e915 | 4983 f900 | 0f85 ae08 | 0000 498b 

  0x0000014a80474c20: ;   {metadata(method data for {method} {0x0000014a8f2de428} 'defineClass' '(ZLjava/lang/Object;)Ljava/lang/Class;' in 'java/lang/invoke/MethodHandles$Lookup$ClassDefiner')}
  0x0000014a80474c20: c049 b808 | 605f d04a | 0100 0041 | ff80 c001 | 0000 e912 | 0000 0048 | 899c 24a0 

  0x0000014a80474c3c: ;   {oop(nullptr)}
  0x0000014a80474c3c: 0000 0048 | b800 0000 | 0000 0000 | 0048 8b9c | 24a0 0000 | 0048 8bbc | 24a8 0000 | 0048 8b94 
  0x0000014a80474c5c: 2498 0000 

  0x0000014a80474c60: ;   {metadata(method data for {method} {0x0000014a8f2de428} 'defineClass' '(ZLjava/lang/Object;)Ljava/lang/Class;' in 'java/lang/invoke/MethodHandles$Lookup$ClassDefiner')}
  0x0000014a80474c60: 0049 b808 | 605f d04a | 0100 0049 | 8380 d801 

  0x0000014a80474c70: ;   {metadata(method data for {method} {0x0000014a8f483c30} 'getJavaLangAccess' '()Ljdk/internal/access/JavaLangAccess;' in 'jdk/internal/access/SharedSecrets')}
  0x0000014a80474c70: 0000 0149 | b840 5050 | d04a 0100 | 0045 8b88 | cc00 0000 | 4183 c102 | 4589 88cc | 0000 0041 
  0x0000014a80474c90: 81e1 feff | 1f00 4585 | c90f 8445 

  0x0000014a80474c9c: ;   {oop(a 'java/lang/Class'{0x000000070a83fc90} = 'jdk/internal/access/SharedSecrets')}
  0x0000014a80474c9c: 0800 0049 | b890 fc83 | 0a07 0000 | 0045 8b70 | 7c49 c1e6 | 038b 7214 | 48c1 e603 | 8b4a 1848 
  0x0000014a80474cbc: c1e1 0344 | 8b4a 0c4d | 85f6 0f84 | 2a00 0000 

  0x0000014a80474ccc: ;   {metadata('java/lang/System$1')}
  0x0000014a80474ccc: 49bb 783d | 178f 4a01 | 0000 458b | 6e08 49ba | 0000 008f | 4a01 0000 | 4d03 ea4d | 3b5d 380f 
  0x0000014a80474cec: 8514 0800 | 00e9 0000 | 0000 4d8b | c649 3b06 

  0x0000014a80474cfc: ;   {metadata(method data for {method} {0x0000014a8f2de428} 'defineClass' '(ZLjava/lang/Object;)Ljava/lang/Class;' in 'java/lang/invoke/MethodHandles$Lookup$ClassDefiner')}
  0x0000014a80474cfc: 4d8b c648 | ba08 605f | d04a 0100 

  0x0000014a80474d08: ;   {metadata('java/lang/System$1')}
  0x0000014a80474d08: 0049 ba78 | 3d17 8f4a | 0100 004c | 8992 f001 | 0000 4883 | 82f8 0100 | 0001 4c8b | c349 8bd1 
  0x0000014a80474d28: 4c8b cf48 | 8bfe 488b | f148 8bc8 | 8b84 24b0 | 0000 0089 | 0424 8954 | 2408 488b | 9424 b800 
  0x0000014a80474d48: 0000 4889 | 5424 1049 | 8bd6 0f1f 

  0x0000014a80474d54: ;   {optimized virtual_call}
  0x0000014a80474d54: 4400 00e8 

  0x0000014a80474d58: ; ImmutableOopMap {[152]=Oop [168]=Oop }
                      ;*invokeinterface defineClass {reexecute=0 rethrow=0 return_oop=0}
                      ; - java.lang.invoke.MethodHandles$Lookup$ClassDefiner::defineClass@57 (line 2355)
  0x0000014a80474d58: 64f6 ffff 

  0x0000014a80474d5c: ;   {post_call_nop}
  0x0000014a80474d5c: 0f1f 8400 | d407 0001 

  0x0000014a80474d64: ;   {metadata(method data for {method} {0x0000014a8f2de428} 'defineClass' '(ZLjava/lang/Object;)Ljava/lang/Class;' in 'java/lang/invoke/MethodHandles$Lookup$ClassDefiner')}
  0x0000014a80474d64: 49b8 0860 | 5fd0 4a01 | 0000 41ff | 8018 0200 | 0048 8b94 | 2498 0000 | 008b 721c | 48c1 e603 
  0x0000014a80474d84: ; implicit exception: dispatches to 0x0000014a8047550f
  0x0000014a80474d84: 483b 064c 

  0x0000014a80474d88: ;   {metadata(method data for {method} {0x0000014a8f2de428} 'defineClass' '(ZLjava/lang/Object;)Ljava/lang/Class;' in 'java/lang/invoke/MethodHandles$Lookup$ClassDefiner')}
  0x0000014a80474d88: 8bc6 49b9 | 0860 5fd0 | 4a01 0000 | 458b 4008 | 49ba 0000 | 008f 4a01 | 0000 4d03 | c24d 3b81 
  0x0000014a80474da8: 2003 0000 | 750d 4983 | 8128 0300 | 0001 e960 | 0000 004d | 3b81 3003 | 0000 750d | 4983 8138 
  0x0000014a80474dc8: 0300 0001 | e94a 0000 | 0049 83b9 | 2003 0000 | 0075 174d | 8981 2003 | 0000 49c7 | 8128 0300 
  0x0000014a80474de8: 0001 0000 | 00e9 2900 | 0000 4983 | b930 0300 | 0000 7517 | 4d89 8130 | 0300 0049 | c781 3803 
  0x0000014a80474e08: 0000 0100 | 0000 e908 | 0000 0049 | 8381 1803 | 0000 0144 | 0fbe 460c | 4183 e001 

  0x0000014a80474e24: ;   {metadata(method data for {method} {0x0000014a8f2de428} 'defineClass' '(ZLjava/lang/Object;)Ljava/lang/Class;' in 'java/lang/invoke/MethodHandles$Lookup$ClassDefiner')}
  0x0000014a80474e24: 4585 c049 | b808 605f | d04a 0100 | 0041 b948 | 0300 0074 | 0641 b958 | 0300 004b | 8b3c 0848 
  0x0000014a80474e44: 8d7f 014b | 893c 080f | 842b 0400 | 004c 8bc2 

  0x0000014a80474e54: ;   {metadata(method data for {method} {0x0000014a8f2de428} 'defineClass' '(ZLjava/lang/Object;)Ljava/lang/Class;' in 'java/lang/invoke/MethodHandles$Lookup$ClassDefiner')}
  0x0000014a80474e54: 49b9 0860 | 5fd0 4a01 | 0000 458b | 4008 49ba | 0000 008f | 4a01 0000 | 4d03 c24d | 3b81 7003 
  0x0000014a80474e74: 0000 750d | 4983 8178 | 0300 0001 | e960 0000 | 004d 3b81 | 8003 0000 | 750d 4983 | 8188 0300 
  0x0000014a80474e94: 0001 e94a | 0000 0049 | 83b9 7003 | 0000 0075 | 174d 8981 | 7003 0000 | 49c7 8178 | 0300 0001 
  0x0000014a80474eb4: 0000 00e9 | 2900 0000 | 4983 b980 | 0300 0000 | 7517 4d89 | 8180 0300 | 0049 c781 | 8803 0000 
  0x0000014a80474ed4: 0100 0000 | e908 0000 | 0049 8381 | 6803 0000 | 018b 7a14 | 48c1 e703 

  0x0000014a80474eec: ;   {metadata(method data for {method} {0x0000014a8f2de428} 'defineClass' '(ZLjava/lang/Object;)Ljava/lang/Class;' in 'java/lang/invoke/MethodHandles$Lookup$ClassDefiner')}
  0x0000014a80474eec: 4885 c049 | b808 605f | d04a 0100 | 0041 b998 | 0300 0074 | 0641 b9a8 | 0300 004b | 8b1c 0848 
  0x0000014a80474f0c: 8d5b 014b | 891c 080f | 849f 0200 | 00e9 b001 | 0000 488b | 9424 9800 | 0000 498b | 8708 0500 
  0x0000014a80474f2c: 004d 33d2 | 4d89 9708 | 0500 004d | 33d2 4d89 | 9710 0500 | 008b 721c | 48c1 e603 

  0x0000014a80474f48: ; implicit exception: dispatches to 0x0000014a80475514
  0x0000014a80474f48: 483b 064c 

  0x0000014a80474f4c: ;   {metadata(method data for {method} {0x0000014a8f2de428} 'defineClass' '(ZLjava/lang/Object;)Ljava/lang/Class;' in 'java/lang/invoke/MethodHandles$Lookup$ClassDefiner')}
  0x0000014a80474f4c: 8bc6 49b9 | 0860 5fd0 | 4a01 0000 | 458b 4008 | 49ba 0000 | 008f 4a01 | 0000 4d03 | c24d 3b81 
  0x0000014a80474f6c: 3804 0000 | 750d 4983 | 8140 0400 | 0001 e960 | 0000 004d | 3b81 4804 | 0000 750d | 4983 8150 
  0x0000014a80474f8c: 0400 0001 | e94a 0000 | 0049 83b9 | 3804 0000 | 0075 174d | 8981 3804 | 0000 49c7 | 8140 0400 
  0x0000014a80474fac: 0001 0000 | 00e9 2900 | 0000 4983 | b948 0400 | 0000 7517 | 4d89 8148 | 0400 0049 | c781 5004 
  0x0000014a80474fcc: 0000 0100 | 0000 e908 | 0000 0049 | 8381 3004 | 0000 0144 | 0fbe 460c | 4183 e001 

  0x0000014a80474fe8: ;   {metadata(method data for {method} {0x0000014a8f2de428} 'defineClass' '(ZLjava/lang/Object;)Ljava/lang/Class;' in 'java/lang/invoke/MethodHandles$Lookup$ClassDefiner')}
  0x0000014a80474fe8: 4585 c049 | b808 605f | d04a 0100 | 0041 b960 | 0400 0074 | 0641 b970 | 0400 004b | 8b3c 0848 
  0x0000014a80475008: 8d7f 014b | 893c 080f | 8437 0300 | 004c 8bc2 

  0x0000014a80475018: ;   {metadata(method data for {method} {0x0000014a8f2de428} 'defineClass' '(ZLjava/lang/Object;)Ljava/lang/Class;' in 'java/lang/invoke/MethodHandles$Lookup$ClassDefiner')}
  0x0000014a80475018: 49b9 0860 | 5fd0 4a01 | 0000 458b | 4008 49ba | 0000 008f | 4a01 0000 | 4d03 c24d | 3b81 8804 
  0x0000014a80475038: 0000 750d | 4983 8190 | 0400 0001 | e960 0000 | 004d 3b81 | 9804 0000 | 750d 4983 | 81a0 0400 
  0x0000014a80475058: 0001 e94a | 0000 0049 | 83b9 8804 | 0000 0075 | 174d 8981 | 8804 0000 | 49c7 8190 | 0400 0001 
  0x0000014a80475078: 0000 00e9 | 2900 0000 | 4983 b998 | 0400 0000 | 7517 4d89 | 8198 0400 | 0049 c781 | a004 0000 
  0x0000014a80475098: 0100 0000 | e908 0000 | 0049 8381 | 8004 0000 | 018b 7a14 | 48c1 e703 

  0x0000014a804750b0: ;   {metadata(method data for {method} {0x0000014a8f2de428} 'defineClass' '(ZLjava/lang/Object;)Ljava/lang/Class;' in 'java/lang/invoke/MethodHandles$Lookup$ClassDefiner')}
  0x0000014a804750b0: 49b8 0860 | 5fd0 4a01 | 0000 41ff | 80b0 0400 | 0048 8984 | 24c8 0000 | 00e9 c101 | 0000 8b52 
  0x0000014a804750d0: 1848 c1e2 | 034c 8bc6 

  0x0000014a804750d8: ;   {metadata(method data for {method} {0x0000014a8f2de428} 'defineClass' '(ZLjava/lang/Object;)Ljava/lang/Class;' in 'java/lang/invoke/MethodHandles$Lookup$ClassDefiner')}
  0x0000014a804750d8: 49b9 0860 | 5fd0 4a01 | 0000 458b | 4008 49ba | 0000 008f | 4a01 0000 | 4d03 c24d | 3b81 c003 
  0x0000014a804750f8: 0000 750d | 4983 81c8 | 0300 0001 | e960 0000 | 004d 3b81 | d003 0000 | 750d 4983 | 81d8 0300 
  0x0000014a80475118: 0001 e94a | 0000 0049 | 83b9 c003 | 0000 0075 | 174d 8981 | c003 0000 | 49c7 81c8 | 0300 0001 
  0x0000014a80475138: 0000 00e9 | 2900 0000 | 4983 b9d0 | 0300 0000 | 7517 4d89 | 81d0 0300 | 0049 c781 | d803 0000 
  0x0000014a80475158: 0100 0000 | e908 0000 | 0049 8381 | b803 0000 | 014c 8bc7 | 4c8b c848 | 8bfa 488b | d648 8984 
  0x0000014a80475178: 24c0 0000 

  0x0000014a8047517c: ;   {optimized virtual_call}
  0x0000014a8047517c: 0066 90e8 

  0x0000014a80475180: ; ImmutableOopMap {[192]=Oop }
                      ;*invokevirtual dumpClass {reexecute=0 rethrow=0 return_oop=0}
                      ; - java.lang.invoke.MethodHandles$Lookup$ClassDefiner::defineClass@134 (line 2363)
  0x0000014a80475180: dc98 0207 

  0x0000014a80475184: ;   {post_call_nop}
  0x0000014a80475184: 0f1f 8400 | fc0b 0002 

  0x0000014a8047518c: ;   {metadata(method data for {method} {0x0000014a8f2de428} 'defineClass' '(ZLjava/lang/Object;)Ljava/lang/Class;' in 'java/lang/invoke/MethodHandles$Lookup$ClassDefiner')}
  0x0000014a8047518c: 49b8 0860 | 5fd0 4a01 | 0000 41ff | 80e8 0300 | 0048 8b84 | 24c0 0000 | 0048 81c4 | e000 0000 
  0x0000014a804751ac: ;   {poll_return}
  0x0000014a804751ac: 5d49 3b67 | 280f 8762 | 0300 00c3 | 4889 8424 | c000 0000 | 448b 4a18 | 49c1 e103 

  0x0000014a804751c8: ;   {metadata(method data for {method} {0x0000014a8f2de428} 'defineClass' '(ZLjava/lang/Object;)Ljava/lang/Class;' in 'java/lang/invoke/MethodHandles$Lookup$ClassDefiner')}
  0x0000014a804751c8: 4c8b c648 | ba08 605f | d04a 0100 | 0045 8b40 | 0849 ba00 | 0000 8f4a | 0100 004d | 03c2 4c3b 
  0x0000014a804751e8: 8208 0400 | 0075 0d48 | 8382 1004 | 0000 01e9 | 6000 0000 | 4c3b 8218 | 0400 0075 | 0d48 8382 
  0x0000014a80475208: 2004 0000 | 01e9 4a00 | 0000 4883 | ba08 0400 | 0000 7517 | 4c89 8208 | 0400 0048 | c782 1004 
  0x0000014a80475228: 0000 0100 | 0000 e929 | 0000 0048 | 83ba 1804 | 0000 0075 | 174c 8982 | 1804 0000 | 48c7 8220 
  0x0000014a80475248: 0400 0001 | 0000 00e9 | 0800 0000 | 4883 8200 | 0400 0001 | 4c8b c748 | 8bd6 0f1f 

  0x0000014a80475264: ;   {optimized virtual_call}
  0x0000014a80475264: 4400 00e8 

  0x0000014a80475268: ; ImmutableOopMap {[192]=Oop }
                      ;*invokevirtual dumpFailedClass {reexecute=0 rethrow=0 return_oop=0}
                      ; - java.lang.invoke.MethodHandles$Lookup$ClassDefiner::defineClass@150 (line 2365)
  0x0000014a80475268: f497 0207 

  0x0000014a8047526c: ;   {post_call_nop}
  0x0000014a8047526c: 0f1f 8400 | e40c 0003 | 488b 8424 | c000 0000 | 4881 c4e0 | 0000 005d 

  0x0000014a80475284: ;   {poll_return}
  0x0000014a80475284: 493b 6728 | 0f87 a102 | 0000 c344 | 8b4a 1849 | c1e1 034c 

  0x0000014a80475298: ;   {metadata(method data for {method} {0x0000014a8f2de428} 'defineClass' '(ZLjava/lang/Object;)Ljava/lang/Class;' in 'java/lang/invoke/MethodHandles$Lookup$ClassDefiner')}
  0x0000014a80475298: 8bc6 48ba | 0860 5fd0 | 4a01 0000 | 458b 4008 | 49ba 0000 | 008f 4a01 | 0000 4d03 | c24c 3b82 
  0x0000014a804752b8: 2005 0000 | 750d 4883 | 8228 0500 | 0001 e960 | 0000 004c | 3b82 3005 | 0000 750d | 4883 8238 
  0x0000014a804752d8: 0500 0001 | e94a 0000 | 0048 83ba | 2005 0000 | 0075 174c | 8982 2005 | 0000 48c7 | 8228 0500 
  0x0000014a804752f8: 0001 0000 | 00e9 2900 | 0000 4883 | ba30 0500 | 0000 7517 | 4c89 8230 | 0500 0048 | c782 3805 
  0x0000014a80475318: 0000 0100 | 0000 e908 | 0000 0048 | 8382 1805 | 0000 014c | 8bc7 488b | d666 0f1f 

  0x0000014a80475334: ;   {optimized virtual_call}
  0x0000014a80475334: 4400 00e8 

  0x0000014a80475338: ; ImmutableOopMap {[200]=Oop }
                      ;*invokevirtual dumpFailedClass {reexecute=0 rethrow=0 return_oop=0}
                      ; - java.lang.invoke.MethodHandles$Lookup$ClassDefiner::defineClass@207 (line 2365)
  0x0000014a80475338: 2497 0207 

  0x0000014a8047533c: ;   {post_call_nop}
  0x0000014a8047533c: 0f1f 8400 | b40d 0004 | 488b 8424 | c800 0000 | e911 0200 

  0x0000014a80475350: ;   {metadata({method} {0x0000014a8f2de428} 'defineClass' '(ZLjava/lang/Object;)Ljava/lang/Class;' in 'java/lang/invoke/MethodHandles$Lookup$ClassDefiner')}
  0x0000014a80475350: 0049 ba20 | e42d 8f4a | 0100 004c | 8954 2408 | 48c7 0424 | ffff ffff 

  0x0000014a80475368: ;   {runtime_call C1 Runtime counter_overflow_blob}
  0x0000014a80475368: e8f3 d70e 

  0x0000014a8047536c: ; ImmutableOopMap {rdx=Oop r9=Oop [152]=Oop [184]=Oop }
                      ;*synchronization entry
                      ; - java.lang.invoke.MethodHandles$Lookup$ClassDefiner::defineClass@-1 (line 2349)
  0x0000014a8047536c: 07e9 6cf4 

  0x0000014a80475370: ;   {runtime_call C1 Runtime throw_null_pointer_exception_blob}
  0x0000014a80475370: ffff e8e9 

  0x0000014a80475374: ; ImmutableOopMap {rdx=Oop r9=Oop rsi=Oop [144]=Oop [152]=Oop [184]=Oop }
                      ;*invokevirtual lookupClass {reexecute=0 rethrow=0 return_oop=0}
                      ; - java.lang.invoke.MethodHandles$Lookup$ClassDefiner::defineClass@4 (line 2349)
                      ;   {runtime_call C1 Runtime throw_null_pointer_exception_blob}
  0x0000014a80475374: 7a0e 07e8 

  0x0000014a80475378: ; ImmutableOopMap {rdx=Oop r9=Oop rsi=Oop rdi=Oop [144]=Oop [152]=Oop [168]=Oop [184]=Oop }
                      ;*invokevirtual getClassLoader {reexecute=0 rethrow=0 return_oop=0}
                      ; - java.lang.invoke.MethodHandles$Lookup$ClassDefiner::defineClass@9 (line 2350)
  0x0000014a80475378: e47a 0e07 

  0x0000014a8047537c: ;   {metadata({method} {0x0000014a8f44da50} 'lookupClassProtectionDomain' '()Ljava/security/ProtectionDomain;' in 'java/lang/invoke/MethodHandles$Lookup')}
  0x0000014a8047537c: 49ba 48da | 448f 4a01 | 0000 4c89 | 5424 0848 | c704 24ff 

  0x0000014a80475390: ;   {runtime_call C1 Runtime counter_overflow_blob}
  0x0000014a80475390: ffff ffe8 

  0x0000014a80475394: ; ImmutableOopMap {rdx=Oop r9=Oop rsi=Oop rdi=Oop rbx=Oop [144]=Oop [152]=Oop [168]=Oop [184]=Oop }
                      ;*synchronization entry
                      ; - java.lang.invoke.MethodHandles$Lookup::lookupClassProtectionDomain@-1 (line 2392)
                      ; - java.lang.invoke.MethodHandles$Lookup$ClassDefiner::defineClass@23 (line 2351)
  0x0000014a80475394: c8d7 0e07 | e9f9 f5ff 

  0x0000014a8047539c: ;   {metadata({method} {0x0000014a8f483c30} 'getJavaLangAccess' '()Ljdk/internal/access/JavaLangAccess;' in 'jdk/internal/access/SharedSecrets')}
  0x0000014a8047539c: ff49 ba28 | 3c48 8f4a | 0100 004c | 8954 2408 | 48c7 0424 | ffff ffff 

  0x0000014a804753b4: ;   {runtime_call C1 Runtime counter_overflow_blob}
  0x0000014a804753b4: e8a7 d70e 

  0x0000014a804753b8: ; ImmutableOopMap {rsi=Oop [144]=Oop [152]=Oop [160]=Oop [168]=Oop [184]=Oop }
                      ;*synchronization entry
                      ; - jdk.internal.access.SharedSecrets::getJavaLangAccess@-1 (line 159)
                      ; - java.lang.invoke.MethodHandles$Lookup::lookupClassProtectionDomain@10 (line 2394)
                      ; - java.lang.invoke.MethodHandles$Lookup$ClassDefiner::defineClass@23 (line 2351)
  0x0000014a804753b8: 07e9 4df6 

  0x0000014a804753bc: ;   {runtime_call C1 Runtime throw_incompatible_class_change_error_blob}
  0x0000014a804753bc: ffff e89d 

  0x0000014a804753c0: ; ImmutableOopMap {rax=Oop rcx=Oop [144]=Oop [152]=Oop [160]=Oop [168]=Oop [184]=Oop }
                      ;*invokeinterface protectionDomain {reexecute=0 rethrow=0 return_oop=0}
                      ; - java.lang.invoke.MethodHandles$Lookup::lookupClassProtectionDomain@17 (line 2394)
                      ; - java.lang.invoke.MethodHandles$Lookup$ClassDefiner::defineClass@23 (line 2351)
                      ;   {runtime_call C1 Runtime throw_null_pointer_exception_blob}
  0x0000014a804753c0: a10e 07e8 

  0x0000014a804753c4: ; ImmutableOopMap {rax=Oop rcx=Oop [144]=Oop [152]=Oop [160]=Oop [168]=Oop [184]=Oop }
                      ;*invokeinterface protectionDomain {reexecute=0 rethrow=0 return_oop=0}
                      ; - java.lang.invoke.MethodHandles$Lookup::lookupClassProtectionDomain@17 (line 2394)
                      ; - java.lang.invoke.MethodHandles$Lookup$ClassDefiner::defineClass@23 (line 2351)
  0x0000014a804753c4: 987a 0e07 

  0x0000014a804753c8: ;   {metadata({method} {0x0000014a8f174d08} 'protectionDomain' '(Ljava/lang/Class;)Ljava/security/ProtectionDomain;' in 'java/lang/System$1')}
  0x0000014a804753c8: 49ba 004d | 178f 4a01 | 0000 4c89 | 5424 0848 | c704 24ff 

  0x0000014a804753dc: ;   {runtime_call C1 Runtime counter_overflow_blob}
  0x0000014a804753dc: ffff ffe8 

  0x0000014a804753e0: ; ImmutableOopMap {rcx=Oop [144]=Oop [152]=Oop [160]=Oop [168]=Oop [184]=Oop }
                      ;*synchronization entry
                      ; - java.lang.System$1::protectionDomain@-1 (line 2151)
                      ; - java.lang.invoke.MethodHandles$Lookup::lookupClassProtectionDomain@17 (line 2394)
                      ; - java.lang.invoke.MethodHandles$Lookup$ClassDefiner::defineClass@23 (line 2351)
  0x0000014a804753e0: 7cd7 0e07 | e9bc f6ff 

  0x0000014a804753e8: ;   {runtime_call C1 Runtime throw_null_pointer_exception_blob}
  0x0000014a804753e8: ffe8 727a 

  0x0000014a804753ec: ; ImmutableOopMap {rcx=Oop [144]=Oop [152]=Oop [160]=Oop [168]=Oop [184]=Oop }
                      ;*invokevirtual protectionDomain {reexecute=0 rethrow=0 return_oop=0}
                      ; - java.lang.System$1::protectionDomain@1 (line 2151)
                      ; - java.lang.invoke.MethodHandles$Lookup::lookupClassProtectionDomain@17 (line 2394)
                      ; - java.lang.invoke.MethodHandles$Lookup$ClassDefiner::defineClass@23 (line 2351)
                      ;   {metadata({method} {0x0000014a8f17bd00} 'protectionDomain' '()Ljava/security/ProtectionDomain;' in 'java/lang/Class')}
  0x0000014a804753ec: 0e07 49ba | f8bc 178f | 4a01 0000 | 4c89 5424 | 0848 c704 | 24ff ffff 

  0x0000014a80475404: ;   {runtime_call C1 Runtime counter_overflow_blob}
  0x0000014a80475404: ffe8 56d7 

  0x0000014a80475408: ; ImmutableOopMap {rcx=Oop [144]=Oop [152]=Oop [160]=Oop [168]=Oop [184]=Oop }
                      ;*synchronization entry
                      ; - java.lang.Class::protectionDomain@-1 (line 2728)
                      ; - java.lang.System$1::protectionDomain@1 (line 2151)
                      ; - java.lang.invoke.MethodHandles$Lookup::lookupClassProtectionDomain@17 (line 2394)
                      ; - java.lang.invoke.MethodHandles$Lookup$ClassDefiner::defineClass@23 (line 2351)
  0x0000014a80475408: 0e07 e952 

  0x0000014a8047540c: ;   {oop(nullptr)}
  0x0000014a8047540c: f7ff ff49 | b800 0000 | 0000 0000 | 0050 5349 | 8b58 1057 | 5652 5141 | 5041 5141 | 5241 5348 
  0x0000014a8047542c: 83ec 2040 | f6c4 0f0f | 8419 0000 | 0048 83ec 

  0x0000014a8047543c: ;   {runtime_call}
  0x0000014a8047543c: 0848 b870 | b97b 29fd | 7f00 00ff | d048 83c4 | 08e9 0c00 

  0x0000014a80475450: ;   {runtime_call}
  0x0000014a80475450: 0000 48b8 | 70b9 7b29 | fd7f 0000 | ffd0 4883 | c420 415b | 415a 4159 | 4158 595a | 5e5f 483b 
  0x0000014a80475470: 8348 0100 | 005b 580f | 850a 0000 | 00e9 48f7 | ffff b800 

  0x0000014a80475484: ;   {runtime_call C1 Runtime load_mirror_patching_blob}
  0x0000014a80475484: 786e 0ae8 

  0x0000014a80475488: ; ImmutableOopMap {[144]=Oop [152]=Oop [160]=Oop [168]=Oop [184]=Oop }
                      ;*getstatic allPermDomain {reexecute=1 rethrow=0 return_oop=0}
                      ; - (reexecute) java.lang.Class::protectionDomain@9 (line 2730)
                      ; - java.lang.System$1::protectionDomain@1 (line 2151)
                      ; - java.lang.invoke.MethodHandles$Lookup::lookupClassProtectionDomain@17 (line 2394)
                      ; - java.lang.invoke.MethodHandles$Lookup$ClassDefiner::defineClass@23 (line 2351)
  0x0000014a80475488: d4c6 0e07 | e92f f7ff 

  0x0000014a80475490: ;   {runtime_call C1 Runtime throw_null_pointer_exception_blob}
  0x0000014a80475490: ffe8 ca79 

  0x0000014a80475494: ; ImmutableOopMap {r8=Oop [144]=Oop [152]=Oop [160]=Oop [168]=Oop [184]=Oop }
                      ;*getstatic allPermDomain {reexecute=1 rethrow=0 return_oop=0}
                      ; - (reexecute) java.lang.Class::protectionDomain@9 (line 2730)
                      ; - java.lang.System$1::protectionDomain@1 (line 2151)
                      ; - java.lang.invoke.MethodHandles$Lookup::lookupClassProtectionDomain@17 (line 2394)
                      ; - java.lang.invoke.MethodHandles$Lookup$ClassDefiner::defineClass@23 (line 2351)
  0x0000014a80475494: 0e07 458b | 8000 0000 | 00b8 000c 

  0x0000014a804754a0: ;   {runtime_call C1 Runtime access_field_patching_blob}
  0x0000014a804754a0: 0507 e839 

  0x0000014a804754a4: ; ImmutableOopMap {r8=Oop [144]=Oop [152]=Oop [160]=Oop [168]=Oop [184]=Oop }
                      ;*getstatic allPermDomain {reexecute=1 rethrow=0 return_oop=0}
                      ; - (reexecute) java.lang.Class::protectionDomain@9 (line 2730)
                      ; - java.lang.System$1::protectionDomain@1 (line 2151)
                      ; - java.lang.invoke.MethodHandles$Lookup::lookupClassProtectionDomain@17 (line 2394)
                      ; - java.lang.invoke.MethodHandles$Lookup$ClassDefiner::defineClass@23 (line 2351)
  0x0000014a804754a4: b90e 07e9 | 24f7 ffff | 448b 4e18 | 49c1 e103 | 4983 f900 | 0f84 3bf7 | ffff 4c89 

  0x0000014a804754c0: ;   {runtime_call g1_pre_barrier_slow}
  0x0000014a804754c0: 0c24 e899 | dc0e 07e9 | 2df7 ffff | 4983 f800 | 0f84 48f7 | ffff 4889 

  0x0000014a804754d8: ;   {runtime_call g1_post_barrier_slow}
  0x0000014a804754d8: 3424 e881 | df0e 07e9 | 3af7 ffff 

  0x0000014a804754e4: ;   {metadata({method} {0x0000014a8f483c30} 'getJavaLangAccess' '()Ljdk/internal/access/JavaLangAccess;' in 'jdk/internal/access/SharedSecrets')}
  0x0000014a804754e4: 49ba 283c | 488f 4a01 | 0000 4c89 | 5424 0848 | c704 24ff 

  0x0000014a804754f8: ;   {runtime_call C1 Runtime counter_overflow_blob}
  0x0000014a804754f8: ffff ffe8 

  0x0000014a804754fc: ; ImmutableOopMap {rax=Oop rdi=Oop rbx=Oop rdx=Oop [152]=Oop [168]=Oop [184]=Oop }
                      ;*synchronization entry
                      ; - jdk.internal.access.SharedSecrets::getJavaLangAccess@-1 (line 159)
                      ; - java.lang.invoke.MethodHandles$Lookup$ClassDefiner::defineClass@35 (line 2354)
  0x0000014a804754fc: 60d6 0e07 | e99a f7ff 

  0x0000014a80475504: ;   {runtime_call C1 Runtime throw_incompatible_class_change_error_blob}
  0x0000014a80475504: ffe8 56a0 

  0x0000014a80475508: ; ImmutableOopMap {rax=Oop rdi=Oop rbx=Oop r14=Oop rsi=Oop rcx=Oop [152]=Oop [168]=Oop [184]=Oop }
                      ;*invokeinterface defineClass {reexecute=0 rethrow=0 return_oop=0}
                      ; - java.lang.invoke.MethodHandles$Lookup$ClassDefiner::defineClass@57 (line 2355)
                      ;   {runtime_call C1 Runtime throw_null_pointer_exception_blob}
  0x0000014a80475508: 0e07 e851 

  0x0000014a8047550c: ; ImmutableOopMap {rax=Oop rdi=Oop rbx=Oop r14=Oop rsi=Oop rcx=Oop [152]=Oop [168]=Oop [184]=Oop }
                      ;*invokeinterface defineClass {reexecute=0 rethrow=0 return_oop=0}
                      ; - java.lang.invoke.MethodHandles$Lookup$ClassDefiner::defineClass@57 (line 2355)
                      ;   {runtime_call C1 Runtime throw_null_pointer_exception_blob}
  0x0000014a8047550c: 790e 07e8 

  0x0000014a80475510: ; ImmutableOopMap {rax=Oop rdx=Oop rsi=Oop [152]=Oop }
                      ;*invokevirtual isEnabled {reexecute=0 rethrow=0 return_oop=0}
                      ; - java.lang.invoke.MethodHandles$Lookup$ClassDefiner::defineClass@105 (line 2360)
  0x0000014a80475510: 4c79 0e07 

  0x0000014a80475514: ;   {runtime_call C1 Runtime throw_null_pointer_exception_blob}
  0x0000014a80475514: e847 790e 

  0x0000014a80475518: ; ImmutableOopMap {rdx=Oop rax=Oop rsi=Oop [152]=Oop }
                      ;*invokevirtual isEnabled {reexecute=0 rethrow=0 return_oop=0}
                      ; - java.lang.invoke.MethodHandles$Lookup$ClassDefiner::defineClass@162 (line 2360)
                      ;   {internal_word}
  0x0000014a80475518: 0749 baad | 5147 804a | 0100 004d | 8997 6004 

  0x0000014a80475528: ;   {runtime_call SafepointBlob}
  0x0000014a80475528: 0000 e9b1 

  0x0000014a8047552c: ;   {internal_word}
  0x0000014a8047552c: 0703 0749 | ba84 5247 | 804a 0100 | 004d 8997 | 6004 0000 

  0x0000014a80475540: ;   {runtime_call SafepointBlob}
  0x0000014a80475540: e99b 0703 | 0749 8b87 | 0805 0000 | 49c7 8708 | 0500 0000 | 0000 0049 | c787 1005 | 0000 0000 
  0x0000014a80475560: 0000 4881 | c4e0 0000 

  0x0000014a80475568: ;   {runtime_call C1 Runtime unwind_exception_blob}
  0x0000014a80475568: 005d e971 | 660e 07f4 
[Stub Code]
  0x0000014a80475570: ;   {no_reloc}
  0x0000014a80475570: 0f1f 4400 

  0x0000014a80475574: ;   {static_stub}
  0x0000014a80475574: 0048 bb00 | 0000 0000 

  0x0000014a8047557c: ;   {runtime_call nmethod}
  0x0000014a8047557c: 0000 00e9 | fbff ffff 

  0x0000014a80475584: ;   {static_stub}
  0x0000014a80475584: 48bb 0000 | 0000 0000 

  0x0000014a8047558c: ;   {runtime_call nmethod}
  0x0000014a8047558c: 0000 e9fb 

  0x0000014a80475590: ;   {static_stub}
  0x0000014a80475590: ffff ff48 | bb00 0000 | 0000 0000 

  0x0000014a8047559c: ;   {runtime_call nmethod}
  0x0000014a8047559c: 00e9 fbff 

  0x0000014a804755a0: ;   {static_stub}
  0x0000014a804755a0: ffff 48bb | 0000 0000 | 0000 0000 

  0x0000014a804755ac: ;   {runtime_call nmethod}
  0x0000014a804755ac: e9fb ffff 

  0x0000014a804755b0: ;   {runtime_call C1 Runtime handle_exception_from_callee_blob}
  0x0000014a804755b0: ffe8 aa96 

  0x0000014a804755b4: ;   {external_word}
  0x0000014a804755b4: 0e07 48b9 | f8eb 1b2a | fd7f 0000 | 4883 e4f0 

  0x0000014a804755c4: ;   {runtime_call}
  0x0000014a804755c4: 48b8 b0a9 | e229 fd7f | 0000 ffd0 

  0x0000014a804755d0: ;   {section_word}
  0x0000014a804755d0: f449 bad1 | 5547 804a | 0100 0041 

  0x0000014a804755dc: ;   {runtime_call DeoptimizationBlob}
  0x0000014a804755dc: 52e9 9efc | 0207 f4f4 | f4f4 f4f4 
[/MachCode]


---------------  P R O C E S S  ---------------

Threads class SMR info:
_java_thread_list=0x0000014adb8938d0, length=25, elements={
0x0000014aebb6dba0, 0x0000014afc2fbb50, 0x0000014afc2fd2a0, 0x0000014afc2fd9e0,
0x0000014afc2fe510, 0x0000014afc3018e0, 0x0000014afc302410, 0x0000014afc305690,
0x0000014afc3096d0, 0x0000014ad4101230, 0x0000014ad4108280, 0x0000014ad4111bb0,
0x0000014ad4291e30, 0x0000014ad47bc620, 0x0000014ad48ace20, 0x0000014ad7acb500,
0x0000014ad7ac8f30, 0x0000014ad7acad70, 0x0000014ad85cb020, 0x0000014ad85c7b30,
0x0000014ad98d4f60, 0x0000014ad98d56f0, 0x0000014ad6256b30, 0x0000014ad6254df0,
0x0000014ad6258870
}

Java Threads: ( => current thread )
  0x0000014aebb6dba0 JavaThread "main"                              [_thread_blocked, id=22504, stack(0x0000004521800000,0x0000004521900000) (1024K)]
  0x0000014afc2fbb50 JavaThread "Reference Handler"          daemon [_thread_blocked, id=20232, stack(0x0000004522000000,0x0000004522100000) (1024K)]
  0x0000014afc2fd2a0 JavaThread "Finalizer"                  daemon [_thread_blocked, id=7520, stack(0x0000004522100000,0x0000004522200000) (1024K)]
  0x0000014afc2fd9e0 JavaThread "Signal Dispatcher"          daemon [_thread_blocked, id=7964, stack(0x0000004522200000,0x0000004522300000) (1024K)]
  0x0000014afc2fe510 JavaThread "Attach Listener"            daemon [_thread_blocked, id=14408, stack(0x0000004522300000,0x0000004522400000) (1024K)]
  0x0000014afc3018e0 JavaThread "Service Thread"             daemon [_thread_blocked, id=16852, stack(0x0000004522400000,0x0000004522500000) (1024K)]
  0x0000014afc302410 JavaThread "Monitor Deflation Thread"   daemon [_thread_blocked, id=1284, stack(0x0000004522500000,0x0000004522600000) (1024K)]
  0x0000014afc305690 JavaThread "C2 CompilerThread0"         daemon [_thread_in_native, id=22844, stack(0x0000004522600000,0x0000004522700000) (1024K)]
  0x0000014afc3096d0 JavaThread "C1 CompilerThread0"         daemon [_thread_blocked, id=15232, stack(0x0000004522700000,0x0000004522800000) (1024K)]
  0x0000014ad4101230 JavaThread "Common-Cleaner"             daemon [_thread_blocked, id=12628, stack(0x0000004522800000,0x0000004522900000) (1024K)]
  0x0000014ad4108280 JavaThread "C1 CompilerThread1"         daemon [_thread_blocked, id=5452, stack(0x0000004522900000,0x0000004522a00000) (1024K)]
  0x0000014ad4111bb0 JavaThread "C1 CompilerThread2"         daemon [_thread_blocked, id=15852, stack(0x0000004522a00000,0x0000004522b00000) (1024K)]
  0x0000014ad4291e30 JavaThread "C1 CompilerThread3"         daemon [_thread_blocked, id=12324, stack(0x0000004522b00000,0x0000004522c00000) (1024K)]
  0x0000014ad47bc620 JavaThread "Monitor Ctrl-Break"         daemon [_thread_in_native, id=16188, stack(0x0000004522d00000,0x0000004522e00000) (1024K)]
  0x0000014ad48ace20 JavaThread "Notification Thread"        daemon [_thread_blocked, id=17192, stack(0x0000004522e00000,0x0000004522f00000) (1024K)]
  0x0000014ad7acb500 JavaThread "C2 CompilerThread1"         daemon [_thread_in_native, id=1600, stack(0x0000004522c00000,0x0000004522d00000) (1024K)]
  0x0000014ad7ac8f30 JavaThread "C2 CompilerThread2"         daemon [_thread_in_native, id=21700, stack(0x0000004522f00000,0x0000004523000000) (1024K)]
  0x0000014ad7acad70 JavaThread "C2 CompilerThread3"         daemon [_thread_in_native, id=24012, stack(0x0000004523000000,0x0000004523100000) (1024K)]
  0x0000014ad85cb020 JavaThread "C2 CompilerThread4"         daemon [_thread_in_native, id=4156, stack(0x0000004523600000,0x0000004523700000) (1024K)]
  0x0000014ad85c7b30 JavaThread "C2 CompilerThread5"         daemon [_thread_in_native, id=22020, stack(0x0000004523b00000,0x0000004523c00000) (1024K)]
  0x0000014ad98d4f60 JavaThread "C2 CompilerThread6"         daemon [_thread_in_native, id=21092, stack(0x0000004523e00000,0x0000004523f00000) (1024K)]
  0x0000014ad98d56f0 JavaThread "C2 CompilerThread7"         daemon [_thread_in_native, id=9140, stack(0x0000004524000000,0x0000004524100000) (1024K)]
  0x0000014ad6256b30 JavaThread "Thread-1"                          [_thread_in_native, id=19672, stack(0x0000004524400000,0x0000004524500000) (1024K)]
  0x0000014ad6254df0 JavaThread "JFR Recorder Thread"        daemon [_thread_in_native, id=18984, stack(0x0000004524200000,0x0000004524300000) (1024K)]
=>0x0000014ad6258870 JavaThread "JFR Periodic Tasks"         daemon [_thread_in_native, id=3264, stack(0x0000004524500000,0x0000004524600000) (1024K)]
Total: 25

Other Threads:
  0x0000014afc2e8a90 VMThread "VM Thread"                           [id=12164, stack(0x0000004521f00000,0x0000004522000000) (1024K)]
  0x0000014afc1b7780 WatcherThread "VM Periodic Task Thread"        [id=13652, stack(0x0000004521e00000,0x0000004521f00000) (1024K)]
  0x0000014aebbd69c0 WorkerThread "GC Thread#0"                     [id=7012, stack(0x0000004521900000,0x0000004521a00000) (1024K)]
  0x0000014ad54ac220 WorkerThread "GC Thread#1"                     [id=9632, stack(0x0000004523100000,0x0000004523200000) (1024K)]
  0x0000014ad56c8f70 WorkerThread "GC Thread#2"                     [id=15560, stack(0x0000004523200000,0x0000004523300000) (1024K)]
  0x0000014ad5c0fa40 WorkerThread "GC Thread#3"                     [id=24136, stack(0x0000004523300000,0x0000004523400000) (1024K)]
  0x0000014ad5612bf0 WorkerThread "GC Thread#4"                     [id=20580, stack(0x0000004523400000,0x0000004523500000) (1024K)]
  0x0000014ad5a7ae00 WorkerThread "GC Thread#5"                     [id=19616, stack(0x0000004523500000,0x0000004523600000) (1024K)]
  0x0000014ad8612ac0 WorkerThread "GC Thread#6"                     [id=21868, stack(0x0000004523700000,0x0000004523800000) (1024K)]
  0x0000014ad8612e70 WorkerThread "GC Thread#7"                     [id=22096, stack(0x0000004523800000,0x0000004523900000) (1024K)]
  0x0000014ad8612360 WorkerThread "GC Thread#8"                     [id=20968, stack(0x0000004523900000,0x0000004523a00000) (1024K)]
  0x0000014ad8610230 WorkerThread "GC Thread#9"                     [id=18336, stack(0x0000004523a00000,0x0000004523b00000) (1024K)]
  0x0000014adae48ac0 WorkerThread "GC Thread#10"                    [id=12920, stack(0x0000004523c00000,0x0000004523d00000) (1024K)]
  0x0000014ad5c7e340 WorkerThread "GC Thread#11"                    [id=16360, stack(0x0000004524100000,0x0000004524200000) (1024K)]
  0x0000014ad5c80820 WorkerThread "GC Thread#12"                    [id=16132, stack(0x0000004524300000,0x0000004524400000) (1024K)]
  0x0000014ae995df20 ConcurrentGCThread "G1 Main Marker"            [id=22064, stack(0x0000004521a00000,0x0000004521b00000) (1024K)]
  0x0000014ae995e840 WorkerThread "G1 Conc#0"                       [id=5040, stack(0x0000004521b00000,0x0000004521c00000) (1024K)]
  0x0000014adae4abf0 WorkerThread "G1 Conc#1"                       [id=17116, stack(0x0000004523d00000,0x0000004523e00000) (1024K)]
  0x0000014adae49220 WorkerThread "G1 Conc#2"                       [id=19784, stack(0x0000004523f00000,0x0000004524000000) (1024K)]
  0x0000014afc1a9f60 ConcurrentGCThread "G1 Refine#0"               [id=10676, stack(0x0000004521c00000,0x0000004521d00000) (1024K)]
  0x0000014afc1ab3b0 ConcurrentGCThread "G1 Service"                [id=17828, stack(0x0000004521d00000,0x0000004521e00000) (1024K)]
Total: 21

Threads with active compile tasks:
C2 CompilerThread0  4645 6456 %     4       org.jetbrains.coverage.org.objectweb.asm.ClassReader::readCode @ 89 (5095 bytes)
C2 CompilerThread1  4645 7561       4       java.lang.invoke.MethodType::methodType (69 bytes)
C2 CompilerThread2  4645 7815       4       java.lang.invoke.MethodType::dropParameterTypes (162 bytes)
C2 CompilerThread3  4645 8281       4       com.intellij.rt.coverage.data.ClassData::save (138 bytes)
C2 CompilerThread4  4645 8092 %     4       com.intellij.rt.coverage.data.ClassData::prepareSignaturesMap @ 30 (127 bytes)
C2 CompilerThread5  4645 7870       4       java.lang.invoke.MethodType::insertParameterTypes (121 bytes)
C2 CompilerThread6  4645 7104       4       java.lang.invoke.MethodType::makeImpl (155 bytes)
C2 CompilerThread7  4645 8039       4       java.lang.System$1::countNonZeroAscii (5 bytes)
Total: 8

VM state: not at safepoint (normal execution)

VM Mutex/Monitor currently owned by a thread: None

Heap address: 0x0000000708e00000, size: 3954 MB, Compressed Oops mode: Zero based, Oop shift amount: 3

CDS archive(s) mapped at: [0x0000014a8f000000-0x0000014a8fd40000-0x0000014a8fd40000), size 13893632, SharedBaseAddress: 0x0000014a8f000000, ArchiveRelocationMode: 1.
Compressed class space mapped at: 0x0000014a90000000-0x0000014ad0000000, reserved size: 1073741824
UseCompressedClassPointers 1, UseCompactObjectHeaders 0
Narrow klass pointer bits 32, Max shift 3
Narrow klass base: 0x0000014a8f000000, Narrow klass shift: 0
Encoding Range: [0x0000014a8f000000 - 0x0000014b8f000000), (4294967296 bytes)
Klass Range:    [0x0000014a8f000000 - 0x0000014ad0000000), (1090519040 bytes)
Klass ID Range:  [8 - 1090519033) (1090519025)

GC Precious Log:
 CardTable entry size: 512
 Card Set container configuration: InlinePtr #cards 4 size 8 Array Of Cards #cards 16 size 48 Howl #buckets 8 coarsen threshold 3686 Howl Bitmap #cards 512 size 80 coarsen threshold 460 Card regions per heap region 1 cards per card region 4096
 CPUs: 16 total, 16 available
 Memory: 15815M
 Large Page Support: Disabled
 NUMA Support: Disabled
 Compressed Oops: Enabled (Zero based)
 Heap Region Size: 2M
 Heap Min Capacity: 8M
 Heap Initial Capacity: 248M
 Heap Max Capacity: 3954M
 Pre-touch: Disabled
 Parallel Workers: 13
 Concurrent Workers: 3
 Concurrent Refinement Workers: 13
 Periodic GC: Disabled

Heap:
 garbage-first heap   total reserved 4048896K, committed 116736K, used 46682K [0x0000000708e00000, 0x0000000800000000)
  region size 2048K, 10 young (20480K), 2 survivors (4096K)
 Metaspace       used 26403K, committed 26880K, reserved 1114112K
  class space    used 2646K, committed 2880K, reserved 1048576K

Heap Regions: E=young(eden), S=young(survivor), O=old, HS=humongous(starts), HC=humongous(continues), CS=collection set, F=free, TAMS=top-at-mark-start, PB=parsable bottom
|   0|0x0000000708e00000, 0x0000000709000000, 0x0000000709000000|100%| O|  |TAMS 0x0000000708e00000| PB 0x0000000708e00000| Untracked |  0
|   1|0x0000000709000000, 0x0000000709200000, 0x0000000709200000|100%| O|  |TAMS 0x0000000709000000| PB 0x0000000709000000| Untracked |  0
|   2|0x0000000709200000, 0x0000000709400000, 0x0000000709400000|100%| O|  |TAMS 0x0000000709200000| PB 0x0000000709200000| Untracked |  0
|   3|0x0000000709400000, 0x0000000709600000, 0x0000000709600000|100%| O|  |TAMS 0x0000000709400000| PB 0x0000000709400000| Untracked |  0
|   4|0x0000000709600000, 0x0000000709800000, 0x0000000709800000|100%| O|  |TAMS 0x0000000709600000| PB 0x0000000709600000| Untracked |  0
|   5|0x0000000709800000, 0x0000000709a00000, 0x0000000709a00000|100%| O|  |TAMS 0x0000000709800000| PB 0x0000000709800000| Untracked |  0
|   6|0x0000000709a00000, 0x0000000709c00000, 0x0000000709c00000|100%| O|  |TAMS 0x0000000709a00000| PB 0x0000000709a00000| Untracked |  0
|   7|0x0000000709c00000, 0x0000000709e00000, 0x0000000709e00000|100%| O|  |TAMS 0x0000000709c00000| PB 0x0000000709c00000| Untracked |  0
|   8|0x0000000709e00000, 0x000000070a000000, 0x000000070a000000|100%| O|  |TAMS 0x0000000709e00000| PB 0x0000000709e00000| Untracked |  0
|   9|0x000000070a000000, 0x000000070a200000, 0x000000070a200000|100%| O|  |TAMS 0x000000070a000000| PB 0x000000070a000000| Untracked |  0
|  10|0x000000070a200000, 0x000000070a400000, 0x000000070a400000|100%| O|  |TAMS 0x000000070a200000| PB 0x000000070a200000| Untracked |  0
|  11|0x000000070a400000, 0x000000070a600000, 0x000000070a600000|100%| O|  |TAMS 0x000000070a400000| PB 0x000000070a400000| Untracked |  0
|  12|0x000000070a600000, 0x000000070a65d0d8, 0x000000070a800000| 18%| O|  |TAMS 0x000000070a600000| PB 0x000000070a600000| Untracked |  0
|  13|0x000000070a800000, 0x000000070aa00000, 0x000000070aa00000|100%| O|  |TAMS 0x000000070a800000| PB 0x000000070a800000| Untracked |  0
|  14|0x000000070aa00000, 0x000000070ab39950, 0x000000070ac00000| 61%| O|  |TAMS 0x000000070aa00000| PB 0x000000070aa00000| Untracked |  0
|  15|0x000000070ac00000, 0x000000070ac00000, 0x000000070ae00000|  0%| F|  |TAMS 0x000000070ac00000| PB 0x000000070ac00000| Untracked |  0
|  16|0x000000070ae00000, 0x000000070ae00000, 0x000000070b000000|  0%| F|  |TAMS 0x000000070ae00000| PB 0x000000070ae00000| Untracked |  0
|  17|0x000000070b000000, 0x000000070b000000, 0x000000070b200000|  0%| F|  |TAMS 0x000000070b000000| PB 0x000000070b000000| Untracked |  0
|  18|0x000000070b200000, 0x000000070b200000, 0x000000070b400000|  0%| F|  |TAMS 0x000000070b200000| PB 0x000000070b200000| Untracked |  0
|  19|0x000000070b400000, 0x000000070b400000, 0x000000070b600000|  0%| F|  |TAMS 0x000000070b400000| PB 0x000000070b400000| Untracked |  0
|  20|0x000000070b600000, 0x000000070b600000, 0x000000070b800000|  0%| F|  |TAMS 0x000000070b600000| PB 0x000000070b600000| Untracked |  0
|  21|0x000000070b800000, 0x000000070b800000, 0x000000070ba00000|  0%| F|  |TAMS 0x000000070b800000| PB 0x000000070b800000| Untracked |  0
|  22|0x000000070ba00000, 0x000000070ba00000, 0x000000070bc00000|  0%| F|  |TAMS 0x000000070ba00000| PB 0x000000070ba00000| Untracked |  0
|  23|0x000000070bc00000, 0x000000070be00000, 0x000000070be00000|100%| S|CS|TAMS 0x000000070bc00000| PB 0x000000070bc00000| Complete |  0
|  24|0x000000070be00000, 0x000000070c000000, 0x000000070c000000|100%| S|CS|TAMS 0x000000070be00000| PB 0x000000070be00000| Complete |  0
|  25|0x000000070c000000, 0x000000070c000000, 0x000000070c200000|  0%| F|  |TAMS 0x000000070c000000| PB 0x000000070c000000| Untracked |  0
|  26|0x000000070c200000, 0x000000070c200000, 0x000000070c400000|  0%| F|  |TAMS 0x000000070c200000| PB 0x000000070c200000| Untracked |  0
|  27|0x000000070c400000, 0x000000070c400000, 0x000000070c600000|  0%| F|  |TAMS 0x000000070c400000| PB 0x000000070c400000| Untracked |  0
|  28|0x000000070c600000, 0x000000070c600000, 0x000000070c800000|  0%| F|  |TAMS 0x000000070c600000| PB 0x000000070c600000| Untracked |  0
|  29|0x000000070c800000, 0x000000070c800000, 0x000000070ca00000|  0%| F|  |TAMS 0x000000070c800000| PB 0x000000070c800000| Untracked |  0
|  30|0x000000070ca00000, 0x000000070ca00000, 0x000000070cc00000|  0%| F|  |TAMS 0x000000070ca00000| PB 0x000000070ca00000| Untracked |  0
|  31|0x000000070cc00000, 0x000000070cc00000, 0x000000070ce00000|  0%| F|  |TAMS 0x000000070cc00000| PB 0x000000070cc00000| Untracked |  0
|  32|0x000000070ce00000, 0x000000070ce00000, 0x000000070d000000|  0%| F|  |TAMS 0x000000070ce00000| PB 0x000000070ce00000| Untracked |  0
|  33|0x000000070d000000, 0x000000070d000000, 0x000000070d200000|  0%| F|  |TAMS 0x000000070d000000| PB 0x000000070d000000| Untracked |  0
|  34|0x000000070d200000, 0x000000070d200000, 0x000000070d400000|  0%| F|  |TAMS 0x000000070d200000| PB 0x000000070d200000| Untracked |  0
|  35|0x000000070d400000, 0x000000070d400000, 0x000000070d600000|  0%| F|  |TAMS 0x000000070d400000| PB 0x000000070d400000| Untracked |  0
|  36|0x000000070d600000, 0x000000070d600000, 0x000000070d800000|  0%| F|  |TAMS 0x000000070d600000| PB 0x000000070d600000| Untracked |  0
|  37|0x000000070d800000, 0x000000070d800000, 0x000000070da00000|  0%| F|  |TAMS 0x000000070d800000| PB 0x000000070d800000| Untracked |  0
|  38|0x000000070da00000, 0x000000070da00000, 0x000000070dc00000|  0%| F|  |TAMS 0x000000070da00000| PB 0x000000070da00000| Untracked |  0
|  39|0x000000070dc00000, 0x000000070dc00000, 0x000000070de00000|  0%| F|  |TAMS 0x000000070dc00000| PB 0x000000070dc00000| Untracked |  0
|  40|0x000000070de00000, 0x000000070de00000, 0x000000070e000000|  0%| F|  |TAMS 0x000000070de00000| PB 0x000000070de00000| Untracked |  0
|  41|0x000000070e000000, 0x000000070e000000, 0x000000070e200000|  0%| F|  |TAMS 0x000000070e000000| PB 0x000000070e000000| Untracked |  0
|  42|0x000000070e200000, 0x000000070e200000, 0x000000070e400000|  0%| F|  |TAMS 0x000000070e200000| PB 0x000000070e200000| Untracked |  0
|  43|0x000000070e400000, 0x000000070e400000, 0x000000070e600000|  0%| F|  |TAMS 0x000000070e400000| PB 0x000000070e400000| Untracked |  0
|  44|0x000000070e600000, 0x000000070e600000, 0x000000070e800000|  0%| F|  |TAMS 0x000000070e600000| PB 0x000000070e600000| Untracked |  0
|  45|0x000000070e800000, 0x000000070e800000, 0x000000070ea00000|  0%| F|  |TAMS 0x000000070e800000| PB 0x000000070e800000| Untracked |  0
|  46|0x000000070ea00000, 0x000000070ea00000, 0x000000070ec00000|  0%| F|  |TAMS 0x000000070ea00000| PB 0x000000070ea00000| Untracked |  0
|  47|0x000000070ec00000, 0x000000070ec00000, 0x000000070ee00000|  0%| F|  |TAMS 0x000000070ec00000| PB 0x000000070ec00000| Untracked |  0
|  48|0x000000070ee00000, 0x000000070ee00000, 0x000000070f000000|  0%| F|  |TAMS 0x000000070ee00000| PB 0x000000070ee00000| Untracked |  0
|  49|0x000000070f000000, 0x000000070f200000, 0x000000070f200000|100%| E|  |TAMS 0x000000070f000000| PB 0x000000070f000000| Complete |  0
|  50|0x000000070f200000, 0x000000070f400000, 0x000000070f400000|100%| E|CS|TAMS 0x000000070f200000| PB 0x000000070f200000| Complete |  0
|  51|0x000000070f400000, 0x000000070f600000, 0x000000070f600000|100%| E|CS|TAMS 0x000000070f400000| PB 0x000000070f400000| Complete |  0
|  52|0x000000070f600000, 0x000000070f800000, 0x000000070f800000|100%| E|CS|TAMS 0x000000070f600000| PB 0x000000070f600000| Complete |  0
|  97|0x0000000715000000, 0x0000000715200000, 0x0000000715200000|100%| E|CS|TAMS 0x0000000715000000| PB 0x0000000715000000| Complete |  0
|  98|0x0000000715200000, 0x0000000715400000, 0x0000000715400000|100%| E|CS|TAMS 0x0000000715200000| PB 0x0000000715200000| Complete |  0
| 123|0x0000000718400000, 0x0000000718600000, 0x0000000718600000|100%| E|CS|TAMS 0x0000000718400000| PB 0x0000000718400000| Complete |  0
|1976|0x00000007ffe00000, 0x0000000800000000, 0x0000000800000000|100%| E|CS|TAMS 0x00000007ffe00000| PB 0x00000007ffe00000| Complete |  0

Card table byte_map: [0x0000014af5570000,0x0000014af5d30000] _byte_map_base: 0x0000014af1d29000

Marking Bits: (CMBitMap*) 0x0000014aebbd6fe0
 Bits: [0x0000014af5d30000, 0x0000014af9af8000)

Polling page: 0x0000014ae9a10000

Metaspace:

Usage:
  Non-class:     23.20 MB used.
      Class:      2.58 MB used.
       Both:     25.78 MB used.

Virtual space:
  Non-class space:       64.00 MB reserved,      23.44 MB ( 37%) committed,  1 nodes.
      Class space:        1.00 GB reserved,       2.81 MB ( <1%) committed,  1 nodes.
             Both:        1.06 GB reserved,      26.25 MB (  2%) committed. 

Chunk freelists:
   Non-Class:  8.15 MB
       Class:  13.25 MB
        Both:  21.40 MB

MaxMetaspaceSize: unlimited
CompressedClassSpaceSize: 1.00 GB
Initial GC threshold: 21.00 MB
Current GC threshold: 35.12 MB
CDS: on
 - commit_granule_bytes: 65536.
 - commit_granule_words: 8192.
 - virtual_space_node_default_size: 8388608.
 - enlarge_chunks_in_place: 1.
UseCompressedClassPointers 1, UseCompactObjectHeaders 0
Narrow klass pointer bits 32, Max shift 3
Narrow klass base: 0x0000014a8f000000, Narrow klass shift: 0
Encoding Range: [0x0000014a8f000000 - 0x0000014b8f000000), (4294967296 bytes)
Klass Range:    [0x0000014a8f000000 - 0x0000014ad0000000), (1090519040 bytes)
Klass ID Range:  [8 - 1090519033) (1090519025)


Internal statistics:

num_allocs_failed_limit: 3.
num_arena_births: 516.
num_arena_deaths: 0.
num_vsnodes_births: 2.
num_vsnodes_deaths: 0.
num_space_committed: 420.
num_space_uncommitted: 0.
num_chunks_returned_to_freelist: 3.
num_chunks_taken_from_freelist: 1324.
num_chunk_merges: 3.
num_chunk_splits: 840.
num_chunks_enlarged: 588.
num_inconsistent_stats: 0.

CodeHeap 'non-profiled nmethods': size=119232Kb used=4118Kb max_used=4118Kb free=115113Kb
 bounds [0x0000014a87b90000, 0x0000014a87fa0000, 0x0000014a8f000000]
CodeHeap 'profiled nmethods': size=119104Kb used=14105Kb max_used=14105Kb free=104998Kb
 bounds [0x0000014a80000000, 0x0000014a80dd0000, 0x0000014a87450000]
CodeHeap 'non-nmethods': size=7424Kb used=3133Kb max_used=3301Kb free=4290Kb
 bounds [0x0000014a87450000, 0x0000014a877b0000, 0x0000014a87b90000]
CodeCache: size=245760Kb, used=21356Kb, max_used=21524Kb, free=224401Kb
 total_blobs=8790, nmethods=8204, adapters=483, full_count=0
Compilation: enabled, stopped_count=0, restarted_count=0

Compilation events (20 events):
Event: 4.521 Thread 0x0000014ad4108280 nmethod 8264 0x0000014a80dc2e08 code [0x0000014a80dc2f60, 0x0000014a80dc34f8]
Event: 4.522 Thread 0x0000014afc3096d0 nmethod 8267 0x0000014a80dc3588 code [0x0000014a80dc3700, 0x0000014a80dc3e88]
Event: 4.525 Thread 0x0000014afc3096d0 8270       3       java.nio.CharBuffer::hasArray (20 bytes)
Event: 4.525 Thread 0x0000014ad4111bb0 8271       3       java.nio.ByteBuffer::hasArray (20 bytes)
Event: 4.525 Thread 0x0000014ad4291e30 8272       3       java.nio.CharBuffer::array (35 bytes)
Event: 4.525 Thread 0x0000014ad4108280 8273       3       java.nio.charset.CoderResult::isOverflow (14 bytes)
Event: 4.525 Thread 0x0000014ad4108280 nmethod 8273 0x0000014a80dc3f08 code [0x0000014a80dc4020, 0x0000014a80dc4178]
Event: 4.525 Thread 0x0000014ad4111bb0 nmethod 8271 0x0000014a80dc4208 code [0x0000014a80dc4320, 0x0000014a80dc44b0]
Event: 4.525 Thread 0x0000014afc3096d0 nmethod 8270 0x0000014a80dc4508 code [0x0000014a80dc4620, 0x0000014a80dc47b0]
Event: 4.525 Thread 0x0000014ad4108280 8274       3       sun.nio.cs.UTF_8::updatePositions (23 bytes)
Event: 4.525 Thread 0x0000014ad4291e30 nmethod 8272 0x0000014a80dc4808 code [0x0000014a80dc4940, 0x0000014a80dc4c08]
Event: 4.525 Thread 0x0000014ad4111bb0 8275       3       jdk.internal.misc.Blocker::end (16 bytes)
Event: 4.525 Thread 0x0000014afc3096d0 8276       3       java.nio.CharBuffer::<init> (24 bytes)
Event: 4.525 Thread 0x0000014ad4291e30 8277       3       java.nio.CharBuffer::limit (6 bytes)
Event: 4.525 Thread 0x0000014ad4108280 nmethod 8274 0x0000014a80dc4c88 code [0x0000014a80dc4de0, 0x0000014a80dc5218]
Event: 4.525 Thread 0x0000014afc3096d0 nmethod 8276 0x0000014a80dc5288 code [0x0000014a80dc53a0, 0x0000014a80dc5550]
Event: 4.525 Thread 0x0000014ad4111bb0 nmethod 8275 0x0000014a80dc5588 code [0x0000014a80dc56c0, 0x0000014a80dc5a00]
Event: 4.525 Thread 0x0000014ad4108280 8278       3       java.nio.CharBuffer::limit (8 bytes)
Event: 4.526 Thread 0x0000014ad4291e30 nmethod 8277 0x0000014a80dc5a88 code [0x0000014a80dc5ba0, 0x0000014a80dc5dc8]
Event: 4.526 Thread 0x0000014ad4108280 nmethod 8278 0x0000014a80dc5e08 code [0x0000014a80dc5f20, 0x0000014a80dc6070]

GC Heap History (12 events):
Event: 0.605 GC heap before
{Heap before GC invocations=0 (full 0):
 garbage-first heap   total reserved 4048896K, committed 256000K, used 48240K [0x0000000708e00000, 0x0000000800000000)
  region size 2048K, 24 young (49152K), 0 survivors (0K)
 Metaspace       used 5935K, committed 6080K, reserved 1114112K
  class space    used 491K, committed 576K, reserved 1048576K
}
Event: 0.609 GC heap after
{Heap after GC invocations=1 (full 0):
 garbage-first heap   total reserved 4048896K, committed 256000K, used 10954K [0x0000000708e00000, 0x0000000800000000)
  region size 2048K, 3 young (6144K), 3 survivors (6144K)
 Metaspace       used 5935K, committed 6080K, reserved 1114112K
  class space    used 491K, committed 576K, reserved 1048576K
}
Event: 1.686 GC heap before
{Heap before GC invocations=1 (full 0):
 garbage-first heap   total reserved 4048896K, committed 256000K, used 117450K [0x0000000708e00000, 0x0000000800000000)
  region size 2048K, 55 young (112640K), 3 survivors (6144K)
 Metaspace       used 13578K, committed 13888K, reserved 1114112K
  class space    used 1220K, committed 1344K, reserved 1048576K
}
Event: 1.692 GC heap after
{Heap after GC invocations=2 (full 0):
 garbage-first heap   total reserved 4048896K, committed 256000K, used 16338K [0x0000000708e00000, 0x0000000800000000)
  region size 2048K, 6 young (12288K), 6 survivors (12288K)
 Metaspace       used 13578K, committed 13888K, reserved 1114112K
  class space    used 1220K, committed 1344K, reserved 1048576K
}
Event: 2.378 GC heap before
{Heap before GC invocations=2 (full 0):
 garbage-first heap   total reserved 4048896K, committed 256000K, used 135122K [0x0000000708e00000, 0x0000000800000000)
  region size 2048K, 64 young (131072K), 6 survivors (12288K)
 Metaspace       used 19064K, committed 19392K, reserved 1114112K
  class space    used 1886K, committed 2048K, reserved 1048576K
}
Event: 2.387 GC heap after
{Heap after GC invocations=3 (full 0):
 garbage-first heap   total reserved 4048896K, committed 256000K, used 26765K [0x0000000708e00000, 0x0000000800000000)
  region size 2048K, 8 young (16384K), 8 survivors (16384K)
 Metaspace       used 19064K, committed 19392K, reserved 1114112K
  class space    used 1886K, committed 2048K, reserved 1048576K
}
Event: 2.826 GC heap before
{Heap before GC invocations=3 (full 0):
 garbage-first heap   total reserved 4048896K, committed 256000K, used 75917K [0x0000000708e00000, 0x0000000800000000)
  region size 2048K, 33 young (67584K), 8 survivors (16384K)
 Metaspace       used 21206K, committed 21504K, reserved 1114112K
  class space    used 2106K, committed 2240K, reserved 1048576K
}
Event: 2.834 GC heap after
{Heap after GC invocations=4 (full 0):
 garbage-first heap   total reserved 4048896K, committed 256000K, used 28948K [0x0000000708e00000, 0x0000000800000000)
  region size 2048K, 2 young (4096K), 2 survivors (4096K)
 Metaspace       used 21206K, committed 21504K, reserved 1114112K
  class space    used 2106K, committed 2240K, reserved 1048576K
}
Event: 3.801 GC heap before
{Heap before GC invocations=5 (full 0):
 garbage-first heap   total reserved 4048896K, committed 110592K, used 106772K [0x0000000708e00000, 0x0000000800000000)
  region size 2048K, 40 young (81920K), 2 survivors (4096K)
 Metaspace       used 23735K, committed 24064K, reserved 1114112K
  class space    used 2385K, committed 2496K, reserved 1048576K
}
Event: 3.806 GC heap after
{Heap after GC invocations=6 (full 0):
 garbage-first heap   total reserved 4048896K, committed 116736K, used 30886K [0x0000000708e00000, 0x0000000800000000)
  region size 2048K, 3 young (6144K), 3 survivors (6144K)
 Metaspace       used 23735K, committed 24064K, reserved 1114112K
  class space    used 2385K, committed 2496K, reserved 1048576K
}
Event: 4.484 GC heap before
{Heap before GC invocations=6 (full 0):
 garbage-first heap   total reserved 4048896K, committed 116736K, used 88230K [0x0000000708e00000, 0x0000000800000000)
  region size 2048K, 31 young (63488K), 3 survivors (6144K)
 Metaspace       used 26240K, committed 26688K, reserved 1114112K
  class space    used 2622K, committed 2816K, reserved 1048576K
}
Event: 4.491 GC heap after
{Heap after GC invocations=7 (full 0):
 garbage-first heap   total reserved 4048896K, committed 116736K, used 32346K [0x0000000708e00000, 0x0000000800000000)
  region size 2048K, 2 young (4096K), 2 survivors (4096K)
 Metaspace       used 26240K, committed 26688K, reserved 1114112K
  class space    used 2622K, committed 2816K, reserved 1048576K
}

Dll operation events (13 events):
Event: 0.008 Loaded shared library C:\Users\Meli\.jdks\openjdk-24\bin\java.dll
Event: 0.010 Loaded shared library C:\Users\Meli\.jdks\openjdk-24\bin\zip.dll
Event: 0.033 Loaded shared library C:\Users\Meli\.jdks\openjdk-24\bin\jsvml.dll
Event: 0.115 Loaded shared library C:\Users\Meli\.jdks\openjdk-24\bin\instrument.dll
Event: 0.129 Loaded shared library C:\Users\Meli\.jdks\openjdk-24\bin\zip.dll
Event: 0.131 Loaded shared library C:\Users\Meli\.jdks\openjdk-24\bin\jimage.dll
Event: 0.171 Loaded shared library C:\Users\Meli\.jdks\openjdk-24\bin\net.dll
Event: 0.172 Loaded shared library C:\Users\Meli\.jdks\openjdk-24\bin\nio.dll
Event: 0.191 Loaded shared library C:\Users\Meli\.jdks\openjdk-24\bin\extnet.dll
Event: 1.381 Loaded shared library C:\Users\Meli\.jdks\openjdk-24\bin\instrument.dll
Event: 1.655 Loaded shared library C:\Users\Meli\.jdks\openjdk-24\bin\verify.dll
Event: 4.356 Loaded shared library C:\Users\Meli\AppData\Local\Temp\idea_libasyncProfiler_dll_temp_folder2\libasyncProfiler.dll
Event: 4.526 Unloaded dll "C:\Users\Meli\AppData\Local\Temp\idea_libasyncProfiler_dll_temp_folder2\libasyncProfiler.dll" [0x00007ffd2b0d0000]

Deoptimization events (20 events):
Event: 4.480 Thread 0x0000014afc2fe510 DEOPT PACKING pc=0x0000014a87f63d48 sp=0x00000045223fe5f0
Event: 4.480 Thread 0x0000014afc2fe510 DEOPT UNPACKING pc=0x0000014a87566002 sp=0x00000045223fe4c0 mode 2
Event: 4.481 Thread 0x0000014ad6256b30 DEOPT PACKING pc=0x0000014a80d35c46 sp=0x00000045244fef70
Event: 4.481 Thread 0x0000014ad6256b30 DEOPT UNPACKING pc=0x0000014a874a5722 sp=0x00000045244fe460 mode 0
Event: 4.483 Thread 0x0000014ad6256b30 DEOPT PACKING pc=0x0000014a80d35c46 sp=0x00000045244fef70
Event: 4.483 Thread 0x0000014ad6256b30 DEOPT UNPACKING pc=0x0000014a874a5722 sp=0x00000045244fe460 mode 0
Event: 4.493 Thread 0x0000014afc2fe510 Uncommon trap: trap_request=0xffffff4d fr.pc=0x0000014a87f64330 relative=0x00000000000001b0
Event: 4.493 Thread 0x0000014afc2fe510 Uncommon trap: reason=unstable_if action=reinterpret pc=0x0000014a87f64330 method=jdk.internal.reflect.DirectConstructorHandleAccessor.invokeImpl([Ljava/lang/Object;)Ljava/lang/Object; @ 4 c2
Event: 4.493 Thread 0x0000014afc2fe510 DEOPT PACKING pc=0x0000014a87f64330 sp=0x00000045223fe580
Event: 4.493 Thread 0x0000014afc2fe510 DEOPT UNPACKING pc=0x0000014a87566002 sp=0x00000045223fe4b8 mode 2
Event: 4.493 Thread 0x0000014afc2fe510 Uncommon trap: trap_request=0xffffff4d fr.pc=0x0000014a87e56700 relative=0x00000000000002c0
Event: 4.493 Thread 0x0000014afc2fe510 Uncommon trap: reason=unstable_if action=reinterpret pc=0x0000014a87e56700 method=java.util.concurrent.ConcurrentHashMap.get(Ljava/lang/Object;)Ljava/lang/Object; @ 152 c2
Event: 4.493 Thread 0x0000014afc2fe510 DEOPT PACKING pc=0x0000014a87e56700 sp=0x00000045223fe2e0
Event: 4.493 Thread 0x0000014afc2fe510 DEOPT UNPACKING pc=0x0000014a87566002 sp=0x00000045223fe248 mode 2
Event: 4.493 Thread 0x0000014ad6256b30 DEOPT PACKING pc=0x0000014a80d35c46 sp=0x00000045244fef70
Event: 4.493 Thread 0x0000014ad6256b30 DEOPT UNPACKING pc=0x0000014a874a5722 sp=0x00000045244fe460 mode 0
Event: 4.518 Thread 0x0000014afc2fe510 Uncommon trap: trap_request=0xffffff4d fr.pc=0x0000014a87f5259c relative=0x000000000000009c
Event: 4.518 Thread 0x0000014afc2fe510 Uncommon trap: reason=unstable_if action=reinterpret pc=0x0000014a87f5259c method=java.lang.invoke.LambdaForm$BasicType.basicType(C)Ljava/lang/invoke/LambdaForm$BasicType; @ 1 c2
Event: 4.518 Thread 0x0000014afc2fe510 DEOPT PACKING pc=0x0000014a87f5259c sp=0x00000045223fe140
Event: 4.518 Thread 0x0000014afc2fe510 DEOPT UNPACKING pc=0x0000014a87566002 sp=0x00000045223fe0d8 mode 2

Classes loaded (20 events):
Event: 4.516 Loading class jdk/jfr/events/ContainerCPUThrottlingEvent
Event: 4.516 Loading class jdk/jfr/events/ContainerCPUThrottlingEvent done
Event: 4.517 Loading class jdk/jfr/events/ContainerMemoryUsageEvent
Event: 4.517 Loading class jdk/jfr/events/ContainerMemoryUsageEvent done
Event: 4.517 Loading class jdk/jfr/events/ContainerIOUsageEvent
Event: 4.517 Loading class jdk/jfr/events/ContainerIOUsageEvent done
Event: 4.518 Loading class jdk/internal/event/JFRTracing
Event: 4.518 Loading class jdk/internal/event/JFRTracing done
Event: 4.520 Loading class jdk/internal/reflect/MethodHandleBooleanFieldAccessorImpl
Event: 4.520 Loading class jdk/internal/reflect/MethodHandleBooleanFieldAccessorImpl done
Event: 4.522 Loading class sun/nio/ch/FileLockTable
Event: 4.522 Loading class sun/nio/ch/FileLockTable done
Event: 4.523 Loading class jdk/internal/event/ThrowableTracer
Event: 4.523 Loading class jdk/internal/event/ThrowableTracer done
Event: 4.524 Loading class jdk/jfr/internal/ShutdownHook
Event: 4.524 Loading class jdk/jfr/internal/ShutdownHook done
Event: 4.524 Loading class jdk/jfr/internal/ShutdownHook$ExceptionHandler
Event: 4.524 Loading class jdk/jfr/internal/ShutdownHook$ExceptionHandler done
Event: 4.524 Loading class java/nio/file/NoSuchFileException
Event: 4.524 Loading class java/nio/file/NoSuchFileException done

Classes unloaded (0 events):
No events

Classes redefined (20 events):
Event: 2.497 Thread 0x0000014afc2e8a90 redefined class name=org.springframework.data.repository.CrudRepository, count=1
Event: 2.497 Thread 0x0000014afc2e8a90 redefined class name=org.springframework.data.repository.query.QueryByExampleExecutor, count=1
Event: 2.497 Thread 0x0000014afc2e8a90 redefined class name=org.springframework.data.repository.Repository, count=1
Event: 2.497 Thread 0x0000014afc2e8a90 redefined class name=org.springframework.data.repository.ListPagingAndSortingRepository, count=1
Event: 2.497 Thread 0x0000014afc2e8a90 redefined class name=org.springframework.data.jpa.repository.JpaRepository, count=1
Event: 2.497 Thread 0x0000014afc2e8a90 redefined class name=org.springframework.data.repository.PagingAndSortingRepository, count=1
Event: 2.646 Thread 0x0000014afc2e8a90 redefined class name=ar.edu.utn.frc.tup.piii.Repositories.EstadisticaRepository, count=1
Event: 2.700 Thread 0x0000014afc2e8a90 redefined class name=ar.edu.utn.frc.tup.piii.Repositories.JugadorRepository, count=1
Event: 2.813 Thread 0x0000014afc2e8a90 redefined class name=org.modelmapper.ModelMapper, count=1
Event: 2.813 Thread 0x0000014afc2e8a90 redefined class name=java.lang.Object, count=1
Event: 3.067 Thread 0x0000014afc2e8a90 redefined class name=ar.edu.utn.frc.tup.piii.Services.EstadisticaService, count=2
Event: 3.067 Thread 0x0000014afc2e8a90 redefined class name=ar.edu.utn.frc.tup.piii.Services.ServicesImpl.EstadisticaServiceImpl, count=2
Event: 3.239 Thread 0x0000014afc2e8a90 redefined class name=ar.edu.utn.frc.tup.piii.Repositories.PartidaRepository, count=1
Event: 3.696 Thread 0x0000014afc2e8a90 redefined class name=ar.edu.utn.frc.tup.piii.Repositories.SalaRepository, count=1
Event: 3.771 Thread 0x0000014afc2e8a90 redefined class name=ar.edu.utn.frc.tup.piii.Repositories.EstadoTarjetaRepository, count=1
Event: 3.834 Thread 0x0000014afc2e8a90 redefined class name=ar.edu.utn.frc.tup.piii.Repositories.TurnoRepository, count=1
Event: 4.043 Thread 0x0000014afc2e8a90 redefined class name=ar.edu.utn.frc.tup.piii.Repositories.ObjetivoRepository, count=1
Event: 4.090 Thread 0x0000014afc2e8a90 redefined class name=ar.edu.utn.frc.tup.piii.Repositories.PaisRepository, count=1
Event: 4.165 Thread 0x0000014afc2e8a90 redefined class name=ar.edu.utn.frc.tup.piii.Repositories.TarjetaRepository, count=1
Event: 4.205 Thread 0x0000014afc2e8a90 redefined class name=ar.edu.utn.frc.tup.piii.Repositories.UsuarioRepository, count=1

Internal exceptions (20 events):
Event: 3.352 Thread 0x0000014aebb6dba0 Exception <a 'java/lang/NoSuchMethodError'{0x000000070d2815a0}: 'void java.lang.invoke.DirectMethodHandle$Holder.invokeSpecial(java.lang.Object, java.lang.Object, java.lang.Object, int)'> (0x000000070d2815a0) 
thrown [s\open\src\hotspot\share\interpreter\linkResolver.cpp, line 805]
Event: 3.353 Thread 0x0000014aebb6dba0 Exception <a 'java/lang/NoSuchMethodError'{0x000000070d289bd0}: 'void java.lang.invoke.DelegatingMethodHandle$Holder.reinvoke_L(java.lang.Object, java.lang.Object, int)'> (0x000000070d289bd0) 
thrown [s\open\src\hotspot\share\interpreter\linkResolver.cpp, line 805]
Event: 3.511 Thread 0x0000014aebb6dba0 Implicit null exception at 0x0000014a87d0b5b0 to 0x0000014a87d0b64c
Event: 3.562 Thread 0x0000014aebb6dba0 Exception <a 'java/lang/NoSuchMethodError'{0x000000070c081e88}: 'void java.lang.invoke.DirectMethodHandle$Holder.invokeVirtual(java.lang.Object, java.lang.Object, int)'> (0x000000070c081e88) 
thrown [s\open\src\hotspot\share\interpreter\linkResolver.cpp, line 805]
Event: 3.903 Thread 0x0000014aebb6dba0 Exception <a 'java/lang/NoSuchMethodError'{0x000000070ee099e8}: 'java.lang.Object java.lang.invoke.DelegatingMethodHandle$Holder.reinvoke_L(java.lang.Object, java.lang.Object, java.lang.Object, int, java.lang.Object, java.lang.Object, java.lang.Object, java.lang.Object)'> (0x000000070ee099e8) 
thrown [s\open\src\hotspot\share\interpreter\linkResolver.cpp, line 805]
Event: 3.956 Thread 0x0000014aebb6dba0 Exception <a 'java/lang/NoSuchMethodError'{0x000000070ec94f10}: 'java.lang.Object java.lang.invoke.DirectMethodHandle$Holder.newInvokeSpecial(java.lang.Object, java.lang.Object, java.lang.Object, java.lang.Object, java.lang.Object, java.lang.Object, java.lang.Object, java.lang.Object, java.lang.Object, java.lang.Object, java.lang.Object, java.lang.Object, java.lang.Object)'> (0x000000070ec94f10) 
thrown [s\open\src\hotspot\share\interpreter\linkResolver.cpp, line 805]
Event: 3.957 Thread 0x0000014aebb6dba0 Exception <a 'java/lang/NoSuchMethodError'{0x000000070eca7cc8}: 'java.lang.Object java.lang.invoke.Invokers$Holder.invoker(java.lang.Object, java.lang.Object, java.lang.Object, java.lang.Object, java.lang.Object, java.lang.Object, java.lang.Object, java.lang.Object, java.lang.Object, java.lang.Object, java.lang.Object, java.lang.Object, java.lang.Object, java.lang.Object)'> (0x000000070eca7cc8) 
thrown [s\open\src\hotspot\share\interpreter\linkResolver.cpp, line 805]
Event: 3.958 Thread 0x0000014aebb6dba0 Exception <a 'java/lang/NoSuchMethodError'{0x000000070ecbaf10}: 'java.lang.Object java.lang.invoke.DelegatingMethodHandle$Holder.delegate(java.lang.Object, java.lang.Object, java.lang.Object, java.lang.Object, java.lang.Object, java.lang.Object, java.lang.Object, java.lang.Object, java.lang.Object, java.lang.Object, java.lang.Object, java.lang.Object, java.lang.Object, java.lang.Object)'> (0x000000070ecbaf10) 
thrown [s\open\src\hotspot\share\interpreter\linkResolver.cpp, line 805]
Event: 3.963 Thread 0x0000014aebb6dba0 Exception <a 'java/lang/NoSuchMethodError'{0x000000070ed21b28}: 'java.lang.Object java.lang.invoke.DirectMethodHandle$Holder.invokeStatic(java.lang.Object, java.lang.Object, java.lang.Object, java.lang.Object, java.lang.Object, java.lang.Object, java.lang.Object, java.lang.Object, java.lang.Object, java.lang.Object, java.lang.Object)'> (0x000000070ed21b28) 
thrown [s\open\src\hotspot\share\interpreter\linkResolver.cpp, line 805]
Event: 3.964 Thread 0x0000014aebb6dba0 Exception <a 'java/lang/NoSuchMethodError'{0x000000070ed4cea0}: 'java.lang.Object java.lang.invoke.DirectMethodHandle$Holder.invokeStatic(java.lang.Object, java.lang.Object, java.lang.Object, java.lang.Object, java.lang.Object, java.lang.Object, java.lang.Object, java.lang.Object, java.lang.Object, java.lang.Object, java.lang.Object, java.lang.Object)'> (0x000000070ed4cea0) 
thrown [s\open\src\hotspot\share\interpreter\linkResolver.cpp, line 805]
Event: 3.966 Thread 0x0000014aebb6dba0 Exception <a 'java/lang/NoSuchMethodError'{0x000000070ed792f0}: 'java.lang.Object java.lang.invoke.DirectMethodHandle$Holder.invokeStatic(java.lang.Object, java.lang.Object, java.lang.Object, java.lang.Object, java.lang.Object, java.lang.Object, java.lang.Object, java.lang.Object, java.lang.Object, java.lang.Object, java.lang.Object, java.lang.Object, java.lang.Object)'> (0x000000070ed792f0) 
thrown [s\open\src\hotspot\share\interpreter\linkResolver.cpp, line 805]
Event: 3.969 Thread 0x0000014aebb6dba0 Exception <a 'java/lang/NoSuchMethodError'{0x000000070eda6618}: 'java.lang.Object java.lang.invoke.DirectMethodHandle$Holder.invokeStatic(java.lang.Object, java.lang.Object, java.lang.Object, java.lang.Object, java.lang.Object, java.lang.Object, java.lang.Object, java.lang.Object, java.lang.Object, java.lang.Object, java.lang.Object, java.lang.Object, java.lang.Object, java.lang.Object)'> (0x000000070eda6618) 
thrown [s\open\src\hotspot\share\interpreter\linkResolver.cpp, line 805]
Event: 3.972 Thread 0x0000014aebb6dba0 Exception <a 'java/lang/NoSuchMethodError'{0x000000070edd4bf8}: 'java.lang.Object java.lang.invoke.DirectMethodHandle$Holder.invokeStatic(java.lang.Object, java.lang.Object, java.lang.Object, java.lang.Object, java.lang.Object, java.lang.Object, java.lang.Object, java.lang.Object, java.lang.Object, java.lang.Object, java.lang.Object, java.lang.Object, java.lang.Object, java.lang.Object, java.lang.Object)'> (0x000000070edd4bf8) 
thrown [s\open\src\hotspot\share\interpreter\linkResolver.cpp, line 805]
Event: 3.974 Thread 0x0000014aebb6dba0 Exception <a 'java/lang/NoSuchMethodError'{0x000000070ea07f90}: 'java.lang.Object java.lang.invoke.DirectMethodHandle$Holder.invokeStatic(java.lang.Object, java.lang.Object, java.lang.Object, java.lang.Object, java.lang.Object, java.lang.Object, java.lang.Object, java.lang.Object, java.lang.Object, java.lang.Object, java.lang.Object, java.lang.Object, java.lang.Object, java.lang.Object, java.lang.Object, java.lang.Object)'> (0x000000070ea07f90) 
thrown [s\open\src\hotspot\share\interpreter\linkResolver.cpp
Event: 4.302 Thread 0x0000014aebb6dba0 Exception <a 'java/lang/NoSuchMethodError'{0x000000070d308800}: 'java.lang.Object java.lang.invoke.Invokers$Holder.linkToTargetMethod(java.lang.Object, java.lang.Object, java.lang.Object, java.lang.Object, java.lang.Object, java.lang.Object, java.lang.Object, java.lang.Object, java.lang.Object, java.lang.Object, java.lang.Object, java.lang.Object)'> (0x000000070d308800) 
thrown [s\open\src\hotspot\share\interpreter\linkResolver.cpp, line 805]
Event: 4.334 Thread 0x0000014aebb6dba0 Implicit null exception at 0x0000014a87f3b4dd to 0x0000014a87f3b800
Event: 4.445 Thread 0x0000014afc2fe510 Exception <a 'java/lang/NoSuchMethodError'{0x000000070c89bce0}: 'long java.lang.invoke.DirectMethodHandle$Holder.invokeVirtual(java.lang.Object, java.lang.Object)'> (0x000000070c89bce0) 
thrown [s\open\src\hotspot\share\interpreter\linkResolver.cpp, line 805]
Event: 4.521 Thread 0x0000014afc2fe510 Exception <a 'java/lang/NoSuchMethodError'{0x0000000715113a20}: 'void java.lang.invoke.DirectMethodHandle$Holder.invokeSpecial(java.lang.Object, java.lang.Object, int)'> (0x0000000715113a20) 
thrown [s\open\src\hotspot\share\interpreter\linkResolver.cpp, line 805]
Event: 4.521 Thread 0x0000014afc2fe510 Exception <a 'java/lang/NoSuchMethodError'{0x000000071511b660}: 'void java.lang.invoke.Invokers$Holder.invokeExact_MT(java.lang.Object, int, java.lang.Object)'> (0x000000071511b660) 
thrown [s\open\src\hotspot\share\interpreter\linkResolver.cpp, line 805]
Event: 4.523 Thread 0x0000014afc2fe510 Exception <a 'java/lang/NoSuchMethodError'{0x000000071513a438}: 'void java.lang.invoke.DirectMethodHandle$Holder.invokeStatic(java.lang.Object, java.lang.Object, int)'> (0x000000071513a438) 
thrown [s\open\src\hotspot\share\interpreter\linkResolver.cpp, line 805]

VM Operations (20 events):
Event: 3.762 Executing VM operation: RedefineClasses
Event: 3.785 Executing VM operation: RedefineClasses done
Event: 3.801 Executing VM operation: G1CollectForAllocation (G1 Evacuation Pause)
Event: 3.806 Executing VM operation: G1CollectForAllocation (G1 Evacuation Pause) done
Event: 3.825 Executing VM operation: RedefineClasses
Event: 3.846 Executing VM operation: RedefineClasses done
Event: 4.035 Executing VM operation: RedefineClasses
Event: 4.054 Executing VM operation: RedefineClasses done
Event: 4.082 Executing VM operation: RedefineClasses
Event: 4.101 Executing VM operation: RedefineClasses done
Event: 4.157 Executing VM operation: RedefineClasses
Event: 4.177 Executing VM operation: RedefineClasses done
Event: 4.197 Executing VM operation: RedefineClasses
Event: 4.216 Executing VM operation: RedefineClasses done
Event: 4.403 Executing VM operation: HandshakeAllThreads (Deoptimize)
Event: 4.403 Executing VM operation: HandshakeAllThreads (Deoptimize) done
Event: 4.484 Executing VM operation: G1CollectForAllocation (G1 Evacuation Pause)
Event: 4.492 Executing VM operation: G1CollectForAllocation (G1 Evacuation Pause) done
Event: 4.526 Executing VM operation: HandshakeAllThreads (Deoptimize)
Event: 4.526 Executing VM operation: HandshakeAllThreads (Deoptimize) done

Memory protections (0 events):
No events

Nmethod flushes (0 events):
No events

Events (20 events):
Event: 0.849 Thread 0x0000014ad4291e30 Thread added: 0x0000014ad58ab3d0
Event: 1.412 Thread 0x0000014ad58ab3d0 Thread exited: 0x0000014ad58ab3d0
Event: 1.412 Thread 0x0000014ad59567a0 Thread exited: 0x0000014ad59567a0
Event: 1.412 Thread 0x0000014ad69d9910 Thread exited: 0x0000014ad69d9910
Event: 1.415 Thread 0x0000014ad525aed0 Thread exited: 0x0000014ad525aed0
Event: 1.415 Thread 0x0000014ad4425d80 Thread exited: 0x0000014ad4425d80
Event: 1.453 Thread 0x0000014ad4291e30 Thread added: 0x0000014ad7acb500
Event: 1.455 Thread 0x0000014ad4108280 Thread added: 0x0000014ad7ac8f30
Event: 1.623 Thread 0x0000014ad4291e30 Thread added: 0x0000014ad7acad70
Event: 1.641 Thread 0x0000014afc3096d0 Thread added: 0x0000014ad85cb020
Event: 2.793 Thread 0x0000014ad7ac8f30 Thread added: 0x0000014ad85c7b30
Event: 2.834 Thread 0x0000014ad4108280 Thread added: 0x0000014ad98d4f60
Event: 2.847 Thread 0x0000014ad4291e30 Thread added: 0x0000014ad98d56f0
Event: 4.371 Thread 0x0000014aebb6dba0 Thread added: 0x0000014ad6258870
Event: 4.371 Thread 0x0000014aebb6dba0 Thread added: 0x0000014ad6258120
Event: 4.371 Thread 0x0000014aebb6dba0 Thread added: 0x0000014ad6256b30
Event: 4.372 Thread 0x0000014ad6258870 Thread exited: 0x0000014ad6258870
Event: 4.375 Thread 0x0000014ad6258120 Thread exited: 0x0000014ad6258120
Event: 4.411 Thread 0x0000014afc2fe510 Thread added: 0x0000014ad6254df0
Event: 4.524 Thread 0x0000014afc2fe510 Thread added: 0x0000014ad6258870


Dynamic libraries:
0x00007ff65f760000 - 0x00007ff65f76e000 	C:\Users\Meli\.jdks\openjdk-24\bin\java.exe
0x00007ffd83c30000 - 0x00007ffd83e28000 	C:\Windows\SYSTEM32\ntdll.dll
0x00007ffd832e0000 - 0x00007ffd833a2000 	C:\Windows\System32\KERNEL32.DLL
0x00007ffd81770000 - 0x00007ffd81a66000 	C:\Windows\System32\KERNELBASE.dll
0x00007ffd815e0000 - 0x00007ffd816e0000 	C:\Windows\System32\ucrtbase.dll
0x00007ffd7e560000 - 0x00007ffd7e57b000 	C:\Users\Meli\.jdks\openjdk-24\bin\VCRUNTIME140.dll
0x00007ffd7de70000 - 0x00007ffd7de86000 	C:\Users\Meli\.jdks\openjdk-24\bin\jli.dll
0x00007ffd83520000 - 0x00007ffd836bd000 	C:\Windows\System32\USER32.dll
0x00007ffd6dc60000 - 0x00007ffd6defa000 	C:\Windows\WinSxS\amd64_microsoft.windows.common-controls_6595b64144ccf1df_6.0.19041.5915_none_60b4b9d171f9c7c7\COMCTL32.dll
0x00007ffd81b20000 - 0x00007ffd81b42000 	C:\Windows\System32\win32u.dll
0x00007ffd836c0000 - 0x00007ffd8375e000 	C:\Windows\System32\msvcrt.dll
0x00007ffd833b0000 - 0x00007ffd833db000 	C:\Windows\System32\GDI32.dll
0x00007ffd81360000 - 0x00007ffd81479000 	C:\Windows\System32\gdi32full.dll
0x00007ffd812c0000 - 0x00007ffd8135d000 	C:\Windows\System32\msvcp_win.dll
0x00007ffd833e0000 - 0x00007ffd8340f000 	C:\Windows\System32\IMM32.DLL
0x00007ffd7e920000 - 0x00007ffd7e92c000 	C:\Users\Meli\.jdks\openjdk-24\bin\vcruntime140_1.dll
0x00007ffd7dde0000 - 0x00007ffd7de6e000 	C:\Users\Meli\.jdks\openjdk-24\bin\msvcp140.dll
0x00007ffd297b0000 - 0x00007ffd2a552000 	C:\Users\Meli\.jdks\openjdk-24\bin\server\jvm.dll
0x00007ffd82640000 - 0x00007ffd826f1000 	C:\Windows\System32\ADVAPI32.dll
0x00007ffd839b0000 - 0x00007ffd83a4f000 	C:\Windows\System32\sechost.dll
0x00007ffd83880000 - 0x00007ffd839a3000 	C:\Windows\System32\RPCRT4.dll
0x00007ffd81af0000 - 0x00007ffd81b17000 	C:\Windows\System32\bcrypt.dll
0x00007ffd83ad0000 - 0x00007ffd83b3b000 	C:\Windows\System32\WS2_32.dll
0x00007ffd80810000 - 0x00007ffd8085b000 	C:\Windows\SYSTEM32\POWRPROF.dll
0x00007ffd77060000 - 0x00007ffd77087000 	C:\Windows\SYSTEM32\WINMM.dll
0x00007ffd78330000 - 0x00007ffd7833a000 	C:\Windows\SYSTEM32\VERSION.dll
0x00007ffd80680000 - 0x00007ffd80692000 	C:\Windows\SYSTEM32\UMPDC.dll
0x00007ffd7f120000 - 0x00007ffd7f132000 	C:\Windows\SYSTEM32\kernel.appcore.dll
0x00007ffd7e4f0000 - 0x00007ffd7e4fa000 	C:\Users\Meli\.jdks\openjdk-24\bin\jimage.dll
0x00007ffd76550000 - 0x00007ffd76751000 	C:\Windows\SYSTEM32\DBGHELP.DLL
0x00007ffd65d60000 - 0x00007ffd65d94000 	C:\Windows\SYSTEM32\dbgcore.DLL
0x00007ffd816e0000 - 0x00007ffd81762000 	C:\Windows\System32\bcryptPrimitives.dll
0x00007ffd72680000 - 0x00007ffd7268f000 	C:\Users\Meli\.jdks\openjdk-24\bin\instrument.dll
0x00007ffd7ddc0000 - 0x00007ffd7ddde000 	C:\Users\Meli\.jdks\openjdk-24\bin\java.dll
0x00007ffd82b40000 - 0x00007ffd82c6b000 	C:\Windows\System32\ole32.dll
0x00007ffd82700000 - 0x00007ffd82a53000 	C:\Windows\System32\combase.dll
0x00007ffd81c50000 - 0x00007ffd823be000 	C:\Windows\System32\SHELL32.dll
0x00007ffd7a420000 - 0x00007ffd7a437000 	C:\Users\Meli\.jdks\openjdk-24\bin\zip.dll
0x00007ffd7f320000 - 0x00007ffd7fac4000 	C:\Windows\SYSTEM32\windows.storage.dll
0x00007ffd80c10000 - 0x00007ffd80c3b000 	C:\Windows\SYSTEM32\Wldp.dll
0x00007ffd823c0000 - 0x00007ffd8248d000 	C:\Windows\System32\OLEAUT32.dll
0x00007ffd82ce0000 - 0x00007ffd82d8d000 	C:\Windows\System32\SHCORE.dll
0x00007ffd82d90000 - 0x00007ffd82deb000 	C:\Windows\System32\shlwapi.dll
0x00007ffd811f0000 - 0x00007ffd81215000 	C:\Windows\SYSTEM32\profapi.dll
0x00007ffd72690000 - 0x00007ffd72767000 	C:\Users\Meli\.jdks\openjdk-24\bin\jsvml.dll
0x00007ffd7e260000 - 0x00007ffd7e270000 	C:\Users\Meli\.jdks\openjdk-24\bin\net.dll
0x00007ffd809f0000 - 0x00007ffd80a5a000 	C:\Windows\system32\mswsock.dll
0x00007ffd7dda0000 - 0x00007ffd7ddb6000 	C:\Users\Meli\.jdks\openjdk-24\bin\nio.dll
0x00007ffd72660000 - 0x00007ffd72669000 	C:\Users\Meli\.jdks\openjdk-24\bin\extnet.dll
0x00007ffd80f60000 - 0x00007ffd80f78000 	C:\Windows\SYSTEM32\CRYPTSP.dll
0x00007ffd802c0000 - 0x00007ffd802f8000 	C:\Windows\system32\rsaenh.dll
0x00007ffd81170000 - 0x00007ffd8119e000 	C:\Windows\SYSTEM32\USERENV.dll
0x00007ffd80b80000 - 0x00007ffd80b8c000 	C:\Windows\SYSTEM32\CRYPTBASE.dll
0x00007ffd806a0000 - 0x00007ffd806db000 	C:\Windows\SYSTEM32\IPHLPAPI.DLL
0x00007ffd83510000 - 0x00007ffd83518000 	C:\Windows\System32\NSI.dll
0x00007ffd72630000 - 0x00007ffd72640000 	C:\Users\Meli\.jdks\openjdk-24\bin\verify.dll

dbghelp: loaded successfully - version: 4.0.5 - missing functions: none
symbol engine: initialized successfully - sym options: 0x614 - pdb path: .;C:\Users\Meli\.jdks\openjdk-24\bin;C:\Windows\SYSTEM32;C:\Windows\WinSxS\amd64_microsoft.windows.common-controls_6595b64144ccf1df_6.0.19041.5915_none_60b4b9d171f9c7c7;C:\Users\Meli\.jdks\openjdk-24\bin\server;C:\Users\Meli\AppData\Local\Temp\idea_libasyncProfiler_dll_temp_folder2

VM Arguments:
jvm_args: -ea -javaagent:C:\Users\Meli\AppData\Local\JetBrains\IntelliJIdea2024.3\testAgent\intellij.platform.coverage.agent.jar=C:\Users\Meli\AppData\Local\Temp\coverage7args -Didea.coverage.calculate.hits=true -Didea.test.cyclic.buffer.size=1048576 -javaagent:D:\Programacion 3\IntelliJ IDEA 2024.3.5\lib\idea_rt.jar=59236 -javaagent:C:\Users\Meli\AppData\Local\JetBrains\IntelliJIdea2024.3\captureAgent\debugger-agent.jar -Dkotlinx.coroutines.debug.enable.creation.stack.trace=false -Ddebugger.agent.enable.coroutines=true -Dkotlinx.coroutines.debug.enable.flows.stack.trace=true -Dkotlinx.coroutines.debug.enable.mutable.state.flows.stack.trace=true -Dfile.encoding=UTF-8 -Dsun.stdout.encoding=UTF-8 -Dsun.stderr.encoding=UTF-8 
java_command: com.intellij.rt.junit.JUnitStarter -ideVersion5 -junit5 @w@C:\Users\Meli\AppData\Local\Temp\idea_working_dirs_junit.tmp @C:\Users\Meli\AppData\Local\Temp\idea_junit.tmp -socket59235
java_class_path (initial): C:\Users\Meli\.m2\repository\org\junit\platform\junit-platform-launcher\1.12.2\junit-platform-launcher-1.12.2.jar;D:\Programacion 3\IntelliJ IDEA 2024.3.5\lib\idea_rt.jar;D:\Programacion 3\IntelliJ IDEA 2024.3.5\plugins\junit\lib\junit5-rt.jar;D:\Programacion 3\IntelliJ IDEA 2024.3.5\plugins\junit\lib\junit-rt.jar;C:\Users\Meli\Documents\GitHub\tpi-teg-grupo-8\target\test-classes;C:\Users\Meli\Documents\GitHub\tpi-teg-grupo-8\target\classes;C:\Users\Meli\.m2\repository\org\mockito\mockito-core\5.3.1\mockito-core-5.3.1.jar;C:\Users\Meli\.m2\repository\net\bytebuddy\byte-buddy\1.17.5\byte-buddy-1.17.5.jar;C:\Users\Meli\.m2\repository\net\bytebuddy\byte-buddy-agent\1.17.5\byte-buddy-agent-1.17.5.jar;C:\Users\Meli\.m2\repository\org\objenesis\objenesis\3.3\objenesis-3.3.jar;C:\Users\Meli\.m2\repository\org\springframework\boot\spring-boot-starter-websocket\3.5.0\spring-boot-starter-websocket-3.5.0.jar;C:\Users\Meli\.m2\repository\org\springframework\spring-messaging\6.2.7\spring-messaging-6.2.7.jar;C:\Users\Meli\.m2\repository\org\springframework\spring-beans\6.2.7\spring-beans-6.2.7.jar;C:\Users\Meli\.m2\repository\org\springframework\spring-websocket\6.2.7\spring-websocket-6.2.7.jar;C:\Users\Meli\.m2\repository\org\springframework\spring-context\6.2.7\spring-context-6.2.7.jar;C:\Users\Meli\.m2\repository\org\springframework\boot\spring-boot-starter-test\3.5.0\spring-boot-starter-test-3.5.0.jar;C:\Users\Meli\.m2\repository\org\springframework\boot\spring-boot-starter\3.5.0\spring-boot-starter-3.5.0.jar;C:\Users\Meli\.m2\repository\org\springframework\boot\spring-boot-starter-logging\3.5.0\spring-boot-starter-logging-3.5.0.jar;C:\Users\Meli\.m2\repository\ch\qos\logback\logback-classic\1.5.18\logback-classic-1.5.18.jar;C:\Users\Meli\.m2\repository\ch\qos\logback\logback-core\1.5.18\logback-core-1.5.18.jar;C:\Users\Meli\.m2\repository\org\apache\logging\log4j\log4j-to-slf4j\2.24.3\log4j-to-slf4j-2.24.3.jar;C:\Users\Meli\.m2\repository\org\apache\logging\log4j\log4j-api\2.24.3\log4j-api-2.24.3.jar;C:\Users\Meli\.m2\repository\org\slf4j\jul-to-slf4j\2.0.17\jul-to-slf4j-2.0.17.jar;C:\Users\Meli\.m2\repository\jakarta\annotation\jakarta.annotation-api\2.1.1\jakarta.annotation-api-2.1.1.jar;C:\Users\Meli\.m2\repository\org\yaml\snakeyaml\2.4\snakeyaml-2.4.jar;C:\Users\Meli\.m2\repository\org\springframework\boot\spring-boot-test\3.5.0\spring-boot-test-3.5.0.jar;C:\Users\Meli\.m2\repository\org\springframework\boot\spring-boot-test-autoconfigure\3.5.0\spring-boot-test-autoconfigure-3.5.0.jar;C:\Users\Meli\.m2\repository\com\jayway\jsonpath\json-path\2.9.0\json-path-2.9.0.jar;C:\Users\Meli\.m2\repository\org\slf4j\slf4j-api\2.0.17\slf4j-api-2.0.17.jar;C:\Users\Meli\.m2\repository\jakarta\xml\bind\jakarta.xml.bind-api\4.0.2\jakarta.xml.bind-api-4.0.2.jar;C:\Users\Meli\.m2\repository\jakarta\activation\jakarta.activation-api\2.1.3\jakarta.activation-api-2.1.3.jar;C:\Users\Meli\.m2\repository\net\minidev\json-smart\2.5.2\json-smart-2.5.2.jar;C:\Users\Meli\.m2\repository\net\minidev\accessors-smart\2.5.2\accessors-smart-2.5.2.jar;C:\Users\Meli\.m2\repository\org\ow2\asm\asm\9.7.1\asm-9.7.1.jar;C:\Users\Meli\.m2\repository\org\assertj\assertj-core\3.27.3\assertj-core-3.27.3.jar;C:\Users\Meli\.m2\repository\org\awaitility\awaitility\4.3.0\awaitility-4.3.0.jar;C:\Users\Meli\.m2\repository\org\hamcrest\hamcrest\3.0\hamcrest-3.0.jar;C:\Users\Meli\.m2\repository\org\junit\jupiter\junit-jupiter\5.12.2\junit-jupiter-5.12.2.jar;C:\Users\Meli\.m2\repository\org\junit\jupiter\junit-jupiter-api\5.12.2\junit-jupiter-api-5.12.2.jar;C:\Users\Meli\.m2\repository\org\opentest4j\opentest4j\1.3.0\opentest4j-1.3.0.jar;C:\Users\Meli\.m2\repository\org\junit\platform\junit-platform-commons\1.12.2\junit-platform-commons-1.12.2.jar;C:\Users\Meli\.m2\repository\org\apiguardian\apiguardian-api\1.1.2\apiguardian-api-1.1.2.jar;C:\Users\Meli\.m2\repository\org\junit\jupiter\junit-jupiter-params\5.12.2\junit-jupiter-params-5.12.2.jar;C:\Users\Meli\.m2\repository\org\junit\jupiter\junit-jupiter-engine\5.12.2\junit-jupiter-engine-5.12.2.jar;C:\Users\Meli\.m2\repository\org\junit\platform\junit-platform-engine\1.12.2\junit-platform-engine-1.12.2.jar;C:\Users\Meli\.m2\repository\org\mockito\mockito-junit-jupiter\5.17.0\mockito-junit-jupiter-5.17.0.jar;C:\Users\Meli\.m2\repository\org\skyscreamer\jsonassert\1.5.3\jsonassert-1.5.3.jar;C:\Users\Meli\.m2\repository\com\vaadin\external\google\android-json\0.0.20131108.vaadin1\android-json-0.0.20131108.vaadin1.jar;C:\Users\Meli\.m2\repository\org\springframework\spring-core\6.2.7\spring-core-6.2.7.jar;C:\Users\Meli\.m2\repository\org\springframework\spring-jcl\6.2.7\spring-jcl-6.2.7.jar;C:\Users\Meli\.m2\repository\org\springframework\spring-test\6.2.7\spring-test-6.2.7.jar;C:\Users\Meli\.m2\repository\org\xmlunit\xmlunit-core\2.10.1\xmlunit-core-2.10.1.jar;C:\Users\Meli\.m2\repository\org\springframework\boot\spring-boot-starter-web\3.5.0\spring-boot-starter-web-3.5.0.jar;C:\Users\Meli\.m2\repository\org\springframework\boot\spring-boot-starter-json\3.5.0\spring-boot-starter-json-3.5.0.jar;C:\Users\Meli\.m2\repository\com\fasterxml\jackson\core\jackson-databind\2.19.0\jackson-databind-2.19.0.jar;C:\Users\Meli\.m2\repository\com\fasterxml\jackson\core\jackson-annotations\2.19.0\jackson-annotations-2.19.0.jar;C:\Users\Meli\.m2\repository\com\fasterxml\jackson\core\jackson-core\2.19.0\jackson-core-2.19.0.jar;C:\Users\Meli\.m2\repository\com\fasterxml\jackson\datatype\jackson-datatype-jdk8\2.19.0\jackson-datatype-jdk8-2.19.0.jar;C:\Users\Meli\.m2\repository\com\fasterxml\jackson\datatype\jackson-datatype-jsr310\2.19.0\jackson-datatype-jsr310-2.19.0.jar;C:\Users\Meli\.m2\repository\com\fasterxml\jackson\module\jackson-module-parameter-names\2.19.0\jackson-module-parameter-names-2.19.0.jar;C:\Users\Meli\.m2\repository\org\springframework\boot\spring-boot-starter-tomcat\3.5.0\spring-boot-starter-tomcat-3.5.0.jar;C:\Users\Meli\.m2\repository\org\apache\tomcat\embed\tomcat-embed-core\10.1.41\tomcat-embed-core-10.1.41.jar;C:\Users\Meli\.m2\repository\org\apache\tomcat\embed\tomcat-embed-websocket\10.1.41\tomcat-embed-websocket-10.1.41.jar;C:\Users\Meli\.m2\repository\org\springframework\spring-web\6.2.7\spring-web-6.2.7.jar;C:\Users\Meli\.m2\repository\io\micrometer\micrometer-observation\1.15.0\micrometer-observation-1.15.0.jar;C:\Users\Meli\.m2\repository\io\micrometer\micrometer-commons\1.15.0\micrometer-commons-1.15.0.jar;C:\Users\Meli\.m2\repository\org\springframework\spring-webmvc\6.2.7\spring-webmvc-6.2.7.jar;C:\Users\Meli\.m2\repository\org\springframework\spring-aop\6.2.7\spring-aop-6.2.7.jar;C:\Users\Meli\.m2\repository\org\springframework\spring-expression\6.2.7\spring-expression-6.2.7.jar;C:\Users\Meli\.m2\repository\org\springframework\boot\spring-boot-starter-data-jpa\3.5.0\spring-boot-starter-data-jpa-3.5.0.jar;C:\Users\Meli\.m2\repository\org\springframework\boot\spring-boot-starter-jdbc\3.5.0\spring-boot-starter-jdbc-3.5.0.jar;C:\Users\Meli\.m2\repository\com\zaxxer\HikariCP\6.3.0\HikariCP-6.3.0.jar;C:\Users\Meli\.m2\repository\org\springframework\spring-jdbc\6.2.7\spring-jdbc-6.2.7.jar;C:\Users\Meli\.m2\repository\org\hibernate\orm\hibernate-core\6.6.15.Final\hibernate-core-6.6.15.Final.jar;C:\Users\Meli\.m2\repository\jakarta\persistence\jakarta.persistence-api\3.1.0\jakarta.persistence-api-3.1.0.jar;C:\Users\Meli\.m2\repository\jakarta\transaction\jakarta.transaction-api\2.0.1\jakarta.transaction-api-2.0.1.jar;C:\Users\Meli\.m2\repository\org\jboss\logging\jboss-logging\3.6.1.Final\jboss-logging-3.6.1.Final.jar;C:\Users\Meli\.m2\repository\org\hibernate\common\hibernate-commons-annotations\7.0.3.Final\hibernate-commons-annotations-7.0.3.Final.jar;C:\Users\Meli\.m2\repository\io\smallrye\jandex\3.2.0\jandex-3.2.0.jar;C:\Users\Meli\.m2\repository\com\fasterxml\classmate\1.7.0\classmate-1.7.0.jar;C:\Users\Meli\.m2\repository\org\glassfish\jaxb\jaxb-runtime\4.0.5\jaxb-runtime-4.0.5.jar;C:\Users\Meli\.m2\repository\org\glassfish\jaxb\jaxb-core\4.0.5\jaxb-core-4.0.5.jar;C:\Users\Meli\.m2\repository\org\eclipse\angus\angus-activation\2.0.2\angus-activation-2.0.2.jar;C:\Users\Meli\.m2\repository\org\glassfish\jaxb\txw2\4.0.5\txw2-4.0.5.jar;C:\Users\Meli\.m2\repository\com\sun\istack\istack-commons-runtime\4.1.2\istack-commons-runtime-4.1.2.jar;C:\Users\Meli\.m2\repository\jakarta\inject\jakarta.inject-api\2.0.1\jakarta.inject-api-2.0.1.jar;C:\Users\Meli\.m2\repository\org\antlr\antlr4-runtime\4.13.0\antlr4-runtime-4.13.0.jar;C:\Users\Meli\.m2\repository\org\springframework\data\spring-data-jpa\3.5.0\spring-data-jpa-3.5.0.jar;C:\Users\Meli\.m2\repository\org\springframework\data\spring-data-commons\3.5.0\spring-data-commons-3.5.0.jar;C:\Users\Meli\.m2\repository\org\springframework\spring-orm\6.2.7\spring-orm-6.2.7.jar;C:\Users\Meli\.m2\repository\org\springframework\spring-tx\6.2.7\spring-tx-6.2.7.jar;C:\Users\Meli\.m2\repository\org\springframework\spring-aspects\6.2.7\spring-aspects-6.2.7.jar;C:\Users\Meli\.m2\repository\org\aspectj\aspectjweaver\1.9.24\aspectjweaver-1.9.24.jar;C:\Users\Meli\.m2\repository\com\h2database\h2\2.3.232\h2-2.3.232.jar;C:\Users\Meli\.m2\repository\org\springframework\boot\spring-boot-starter-validation\3.5.0\spring-boot-starter-validation-3.5.0.jar;C:\Users\Meli\.m2\repository\org\apache\tomcat\embed\tomcat-embed-el\10.1.41\tomcat-embed-el-10.1.41.jar;C:\Users\Meli\.m2\repository\org\hibernate\validator\hibernate-validator\8.0.2.Final\hibernate-validator-8.0.2.Final.jar;C:\Users\Meli\.m2\repository\jakarta\validation\jakarta.validation-api\3.0.2\jakarta.validation-api-3.0.2.jar;C:\Users\Meli\.m2\repository\org\projectlombok\lombok\1.18.38\lombok-1.18.38.jar;C:\Users\Meli\.m2\repository\org\springdoc\springdoc-openapi-starter-webmvc-ui\2.2.0\springdoc-openapi-starter-webmvc-ui-2.2.0.jar;C:\Users\Meli\.m2\repository\org\springdoc\springdoc-openapi-starter-webmvc-api\2.2.0\springdoc-openapi-starter-webmvc-api-2.2.0.jar;C:\Users\Meli\.m2\repository\org\springdoc\springdoc-openapi-starter-common\2.2.0\springdoc-openapi-starter-common-2.2.0.jar;C:\Users\Meli\.m2\repository\io\swagger\core\v3\swagger-core-jakarta\2.2.15\swagger-core-jakarta-2.2.15.jar;C:\Users\Meli\.m2\repository\org\apache\commons\commons-lang3\3.17.0\commons-lang3-3.17.0.jar;C:\Users\Meli\.m2\repository\io\swagger\core\v3\swagger-annotations-jakarta\2.2.15\swagger-annotations-jakarta-2.2.15.jar;C:\Users\Meli\.m2\repository\io\swagger\core\v3\swagger-models-jakarta\2.2.15\swagger-models-jakarta-2.2.15.jar;C:\Users\Meli\.m2\repository\com\fasterxml\jackson\dataformat\jackson-dataformat-yaml\2.19.0\jackson-dataformat-yaml-2.19.0.jar;C:\Users\Meli\.m2\repository\org\webjars\swagger-ui\5.2.0\swagger-ui-5.2.0.jar;C:\Users\Meli\.m2\repository\org\modelmapper\modelmapper\3.1.1\modelmapper-3.1.1.jar;C:\Users\Meli\.m2\repository\org\springframework\boot\spring-boot-devtools\3.5.0\spring-boot-devtools-3.5.0.jar;C:\Users\Meli\.m2\repository\org\springframework\boot\spring-boot\3.5.0\spring-boot-3.5.0.jar;C:\Users\Meli\.m2\repository\org\springframework\boot\spring-boot-autoconfigure\3.5.0\spring-boot-autoconfigure-3.5.0.jar;C:\Users\Meli\.m2\repository\com\microsoft\sqlserver\mssql-jdbc\12.4.2.jre11\mssql-jdbc-12.4.2.jre11.jar
Launcher Type: SUN_STANDARD

[Global flags]
     intx CICompilerCount                          = 12                                        {product} {ergonomic}
     uint ConcGCThreads                            = 3                                         {product} {ergonomic}
     bool FlightRecorder                           = true                                      {product} {management}
     uint G1ConcRefinementThreads                  = 13                                        {product} {ergonomic}
   size_t G1HeapRegionSize                         = 2097152                                   {product} {ergonomic}
   size_t InitialHeapSize                          = 260046848                                 {product} {ergonomic}
   size_t MarkStackSize                            = 4194304                                   {product} {ergonomic}
   size_t MarkStackSizeMax                         = 536870912                                 {product} {ergonomic}
   size_t MaxHeapSize                              = 4146069504                                {product} {ergonomic}
   size_t MaxNewSize                               = 2487222272                                {product} {ergonomic}
   size_t MinHeapDeltaBytes                        = 2097152                                   {product} {ergonomic}
   size_t MinHeapSize                              = 8388608                                   {product} {ergonomic}
    uintx NonNMethodCodeHeapSize                   = 7602176                                {pd product} {ergonomic}
    uintx NonProfiledCodeHeapSize                  = 122093568                              {pd product} {ergonomic}
    uintx ProfiledCodeHeapSize                     = 121962496                              {pd product} {ergonomic}
    uintx ReservedCodeCacheSize                    = 251658240                              {pd product} {ergonomic}
     bool SegmentedCodeCache                       = true                                      {product} {ergonomic}
   size_t SoftMaxHeapSize                          = 4146069504                             {manageable} {ergonomic}
     bool UseCompressedOops                        = true                           {product lp64_product} {ergonomic}
     bool UseG1GC                                  = true                                      {product} {ergonomic}
     bool UseLargePagesIndividualAllocation        = false                                  {pd product} {ergonomic}

Logging:
Log output configuration:
 #0: stdout all=warning uptime,level,tags foldmultilines=false
 #1: stderr all=off uptime,level,tags foldmultilines=false

Environment Variables:
PATH=C:\Program Files\Eclipse Adoptium\jdk-21.0.7.6-hotspot\bin;C:\Program Files (x86)\Common Files\Oracle\Java\java8path;C:\Program Files (x86)\Common Files\Oracle\Java\javapath;C:\Program Files (x86)\NVIDIA Corporation\PhysX\Common;C:\Windows\system32;C:\Windows;C:\Windows\System32\Wbem;C:\Windows\System32\WindowsPowerShell\v1.0\;C:\Windows\System32\OpenSSH\;C:\Program Files\Microsoft SQL Server\Client SDK\ODBC\170\Tools\Binn\;C:\Program Files\dotnet\;C:\Program Files\Microsoft SQL Server\150\Tools\Binn\;C:\Program Files\Git\cmd;C:\Program Files\nodejs\;C:\Program Files (x86)\Microsoft SQL Server\160\Tools\Binn\;C:\Program Files\Microsoft SQL Server\160\Tools\Binn\;C:\Program Files\Microsoft SQL Server\160\DTS\Binn\;C:\Users\Meli\AppData\Local\Microsoft\WindowsApps;C:\Users\Meli\.dotnet\tools;C:\Users\Meli\AppData\Local\Programs\Microsoft VS Code\bin;C:\Users\Meli\AppData\Local\Programs\mongosh\;C:\Program Files\nodejs;C:\Users\Meli\AppData\Roaming\npm;C:\Users\Meli\AppData\Local\GitHubDesktop\bin;C:\Program Files\Eclipse Adoptium\jdk-21.0.7.6-hotspot;
USERNAME=Meli
OS=Windows_NT
PROCESSOR_IDENTIFIER=AMD64 Family 23 Model 113 Stepping 0, AuthenticAMD
TMP=C:\Users\Meli\AppData\Local\Temp
TEMP=C:\Users\Meli\AppData\Local\Temp




Periodic native trim disabled

---------------  S Y S T E M  ---------------

OS:
 Windows 10 , 64 bit Build 19041 (10.0.19041.5915)
OS uptime: 5 days 19:56 hours
Hyper-V role detected

CPU: total 16 (initial active 16) (16 cores per cpu, 2 threads per core) family 23 model 113 stepping 0 microcode 0x0, cx8, cmov, fxsr, ht, mmx, 3dnowpref, sse, sse2, sse3, ssse3, sse4a, sse4.1, sse4.2, popcnt, lzcnt, tsc, tscinvbit, avx, avx2, aes, clmul, bmi1, bmi2, adx, sha, fma, vzeroupper, clflush, clflushopt, hv, rdtscp, rdpid, f16c
Processor Information for the first 16 processors :
  Max Mhz: 4050, Current Mhz: 4050, Mhz Limit: 4050

Memory: 4k page, system-wide physical 15815M (6238M free)
TotalPageFile size 35458M (AvailPageFile size 20695M)
current process WorkingSet (physical memory assigned to process): 390M, peak: 396M
current process commit charge ("private bytes"): 464M, peak: 493M

vm_info: OpenJDK 64-Bit Server VM (24+36-3646) for windows-amd64 JRE (24+36-3646), built on 2025-02-06T00:20:43Z with MS VC++ 17.6 (VS2022)

END.
